Matricola,Last Name,Name,Gender,Year,idCourse
670000,Bevilacqua,Vito,M,1,c001
670001,Mancini,Mario,M,Laureato,c001
670002,Bagnaia,Thomas,M,Fuori corso,c001
670003,D'Amore,Tiziano,M,Laureato,c001
670004,Montanari,Michela,F,1,c001
670005,Mattioni,Noemi,F,3,c001
670006,Zanellati,Aurora,F,2,c001
670007,Zanelli,Mattia,M,Fuori corso,c001
670008,Marini,Giorgio,M,2,c001
670009,Rifilato,Daniele,M,1,c001
670010,Jagmin,Matteo,M,1,c001
670011,Zolea,Amir,M,1,c001
670012,Tarnogrodzki,Viola,F,1,c001
670013,Brizi,Elena,F,Laureata,c001
670014,Mirante,Nicola,M,Laureato,c001
670015,Battelli,Tiziano,M,2,c001
670016,Donatantonio,Chiara,F,Laureata,c001
670017,Moschetti,Giulio,M,Fuori corso,c001
670018,Gindre,Ahmed,M,Laureato,c001
670019,Fiumi,Irene,F,Fuori corso,c001
670020,Polyzopoulos,Alma,F,1,c001
670021,Marocchini,Luisa,F,2,c001
670022,Galotti,Carlotta,F,2,c001
670023,Valdinosi,Valeria,F,3,c001
670024,Castaldi,Guido,M,3,c001
670025,Laurenti,Serena,F,Fuori corso,c001
670026,D'Amico,Mark,M,2,c001
670027,Raqabi,Mark,M,3,c001
670028,Castaldo,Gianmarco,M,2,c001
670029,Russo,Nadia,F,1,c001
670030,Gealapu,Debora,F,Fuori corso,c001
670031,Cataldi,Damiano,M,Laureato,c001
670032,Berardi,Alberto,M,3,c001
670033,Balice,Daniele,M,3,c001
670034,Ricci,Guido,M,3,c001
670035,Vandenbulcke,Zala,F,1,c001
670036,Moschetti,Mary,F,Laureata,c001
670037,Gasmi,Ginevra,F,2,c001
670038,Paul,Carmine,M,3,c001
670039,Paul,Gabriele,M,2,c001
670040,Disabato,Noemi,F,2,c001
670041,Fontanilla,Chiara,F,3,c001
670042,Coluccia,Paolo,M,Fuori corso,c001
670043,Pascale,Hannah,F,Fuori corso,c001
670044,Leonetti,Federica,F,2,c001
670045,Di Marco,Aurora,F,3,c001
670046,Zenina,Emanuela,F,Laureata,c001
670047,Cagnotti,Cristian,M,Laureato,c001
670048,Guzman Soriano,Caterina,F,Fuori corso,c001
670049,Piersanti,Sarah,F,1,c001
670050,Di Sipio,Esma,F,3,c001
670051,Deiana,Greta,F,Laureata,c001
670052,Botnariu,Martin,M,Laureato,c001
670053,Capelli,Gabriele,M,Laureato,c001
670054,Bruni,Andrea,M,Fuori corso,c001
670055,Zaratti,Zoe,F,2,c001
670056,Basile,Teresa,F,1,c001
670057,Crepaldi,Ludovica,F,Fuori corso,c001
670058,Giorgetti,Elena,F,Laureata,c001
670059,Fadda,Zeynep,F,2,c001
670060,Baiano,Giorgia,F,Laureata,c001
670061,Villa,Camilla,F,Laureata,c001
670062,Ciervo,Irene,F,2,c001
670063,Mariani,Vito,M,Fuori corso,c001
670064,Vannozzi,Ahmed,M,Laureato,c001
670065,Di Pasquale,Sabrina,F,1,c001
670066,Mancini,Sabrina,F,Laureata,c001
670067,Bazzocchi,Paolo,M,Laureato,c001
670068,Di Paolo,Jessica,F,2,c001
670069,Gallo,Lorenzo,M,Fuori corso,c001
670070,Wenz,Nicholas,M,1,c001
670071,D'Alessandro,Mila,F,2,c001
670072,Panichi,Ava,F,Laureata,c001
670073,Filagna,Paula,F,Laureata,c001
670074,Piras,Maya,F,Fuori corso,c001
670075,Ruggieri,Andrea,M,Laureato,c001
670076,Paduano,Simona,F,3,c001
670077,Cheikh Talibouya,Monica,F,2,c001
670078,Lanzoni,Giovanna,F,3,c001
670079,Coluccio,Roberto,M,Fuori corso,c001
670080,Tabane,Khalil,M,1,c001
670081,Biondini,Graziana,F,1,c001
670082,Michilli,Astrid,F,1,c001
670083,Paul,Salvatore,M,Laureato,c001
670084,Ruggeri,Stefania,F,2,c001
670085,Gubinelli,Emanuele,M,3,c001
670086,Romani Bergonzo,Flavio,M,2,c001
670087,Manzi,Alice,F,3,c001
670088,Canichella,Martina,F,3,c001
670089,Forcina,Gabriele,M,2,c001
670090,Cipollone,Valentina,F,Laureata,c001
670091,Gamberini,Vito,M,2,c001
670092,Romano,Jessica,F,2,c001
670093,Wozniak,Domenico,M,Laureato,c001
670094,Freschi ,Cyril,M,3,c001
670095,Moschetti,Domenico,M,Laureato,c001
670096,Jebrane,Gabriele,M,1,c001
670097,Bagnato,Lucas,M,Fuori corso,c001
670098,Romano,Giulio,M,1,c001
670099,Paduano,Julia,F,2,c001
670100,Sorrentino,Defne,F,Laureata,c002
670101,Romano,Alma,F,Laureata,c002
670102,Zaratti,Maya,F,2,c002
670103,Parravani,Emilija,F,Laureata,c002
670104,Errahmani,Emilia,F,1,c002
670105,Rizzo,Camilla,F,3,c002
670106,Fusco,Guido,M,Fuori corso,c002
670107,Tranquilli,Ahmed,M,Laureato,c002
670108,Tarozzi,Elia,M,Fuori corso,c002
670109,Bragioto,Lucia,F,2,c002
670110,Medda,Flavio,M,3,c002
670111,Speziale,Lucas,M,3,c002
670112,Colombo ,Ava,F,3,c002
670113,Mariani,Lucas,M,Fuori corso,c002
670114,Di Pasquale,Sara,F,3,c002
670115,Corrias,Zala,F,Fuori corso,c002
670116,De Santis,Camilla,F,2,c002
670117,Boes,Amelia,F,3,c002
670118,Mussinelli,Davide,M,1,c002
670119,Karim,Amir,M,2,c002
670120,Iachini,Mia,F,Laureata,c002
670121,Balloni,Teresa,F,1,c002
670122,Ceccarelli,Giuseppe,M,1,c002
670123,Berardi,Elia,M,1,c002
670124,Zinnamosca,Paul,M,3,c002
670125,Mangano,Elif,F,2,c002
670126,Renzoni,Pietro,M,1,c002
670127,Manchia,Miriam,F,Laureata,c002
670128,Tarozzi,Giulio,M,1,c002
670129,Sestito,Alessia,F,Fuori corso,c002
670130,Donatantonio,Viola,F,3,c002
670131,Barone,Anita,F,Laureata,c002
670132,Gubinelli,Monica,F,Fuori corso,c002
670133,Guillen Crespo,Martin,M,3,c002
670134,Caccamo,Manuel,M,3,c002
670135,Bello,Mark,M,3,c002
670136,Filippi,Erika,F,1,c002
670137,Potalivo ,Claudio,M,Laureato,c002
670138,Bianco,Maria,F,Laureata,c002
670139,Moretti,Chiara,F,2,c002
670140,Scotti,Elia,M,1,c002
670141,Croce,Sara,F,Laureata,c002
670142,Brambilla,Luciano,M,2,c002
670143,Romano,Stefania,F,3,c002
670144,Laita,Mattia,M,1,c002
670145,Boncompagni,Pietro,M,2,c002
670146,Palma ,Lea,F,2,c002
670147,Mathlouthi,Elif,F,1,c002
670148,Ermeti,Claudio,M,Laureato,c002
670149,Salamone ,Mia,F,Laureata,c002
670150,Bruno,Hannah,F,Laureata,c002
670151,Popovici,Jakob,M,1,c002
670152,Paul,Leo,M,2,c002
670153,Apreda,Khalil,M,3,c002
670154,Fiordigigli,Mattia,M,3,c002
670155,Cannizzaro,Erika,F,1,c002
670156,Pozzi,Claudio,M,1,c002
670157,Anklin,Domenico,M,3,c002
670158,Harroud,Jakob,M,3,c002
670159,Bassani,Maurizio,M,3,c002
670160,Gutjahr,Giacomo,M,1,c002
670161,Kazi,Saverio,M,1,c002
670162,Meloni,Mary,F,Laureata,c002
670163,Valentini,Daniele,M,2,c002
670164,Gindre,Claudio,M,1,c002
670165,Placidi ,Antonella,F,Fuori corso,c002
670166,Anklin,Jessica,F,Fuori corso,c002
670167,Palumbo,Vanessa,F,2,c002
670168,Olivelli,Vito,M,2,c002
670169,Charaf,Zoe,F,3,c002
670170,Giuliani,Hannah,F,Fuori corso,c002
670171,Lunerti,Jakob,M,2,c002
670172,Taifi,Barbara,F,Fuori corso,c002
670173,Bruni,Mark,M,3,c002
670174,Bonomo,Giada,F,Laureata,c002
670175,Chiricozzi,Gioia,F,3,c002
670176,Pastore,Alberto,M,3,c002
670177,Pinna,Giovanna,F,1,c002
670178,Gigante,Mark,M,1,c002
670179,Alpi,Silvia,F,3,c002
670180,Curcio,Alma,F,1,c002
670181,Pascale,Andrea,M,1,c002
670182,Giannetti,Lucrezia,F,Fuori corso,c002
670183,D'Achille,Elif,F,3,c002
670184,Bruno,Emma,F,Laureata,c002
670185,D'Achille,Rosa,F,2,c002
670186,Cospito,Federica,F,2,c002
670187,D'Alessandro,Giorgio,M,3,c002
670188,Cattaneo,Khalil,M,3,c002
670189,Sassi,Lorenzo,M,2,c002
670190,Mathlouthi,Paola,F,Laureata,c002
670191,Cirillo,Salvatore,M,Fuori corso,c002
670192,Pia,Luciano,M,2,c002
670193,Guzman Soriano,Rachele,F,3,c002
670194,Cauteruccio,Maurizio,M,3,c002
670195,Piani,Monica,F,2,c002
670196,Vanni,Martin,M,1,c002
670197,Benhadda,Mattia,M,1,c002
670198,Minestrini ,Manuela,F,2,c002
670199,De Rosa,Guido,M,Laureato,c002
670200,Zecchini,Maya,F,Laureata,c003
670201,Lucchesini,Beatrice,F,Laureata,c003
670202,Ghazi,Lily,F,1,c003
670203,Benedetti,Lily,F,Fuori corso,c003
670204,Azzarri,Leo,M,2,c003
670205,Bentivegna,Zala,F,Fuori corso,c003
670206,Porcu,Domenico,M,2,c003
670207,Anklin,Carmine,M,Laureato,c003
670208,Mercantini,Umberto,M,1,c003
670209,Jaschke ,Umberto,M,Laureato,c003
670210,Ferrante,Paul,M,1,c003
670211,Lelli,Jessica,F,2,c003
670212,Cellini,Martina,F,Laureata,c003
670213,Di Santo,Gianmarco,M,Laureato,c003
670214,Valentini,Maurizio,M,Fuori corso,c003
670215,Ceccaroni,Giovanna,F,Fuori corso,c003
670216,Di Marco,Alberto,M,Laureato,c003
670217,Villa,Arianna,F,2,c003
670218,Maroncelli,Simona,F,Laureata,c003
670219,Pongetti,Matteo,M,2,c003
670220,Zapalski,Elif,F,Fuori corso,c003
670221,Bertini,Ahmed,M,1,c003
670222,Balice,Barbara,F,Fuori corso,c003
670223,Assal,Gabriele,M,Fuori corso,c003
670224,Rosato,Grace,F,Fuori corso,c003
670225,Pulsoni,Cristina,F,Fuori corso,c003
670226,Vella,Saverio,M,Fuori corso,c003
670227,Villa,Paolo,M,Laureato,c003
670228,Croce,Leo,M,1,c003
670229,Bazzocchi,Andrea,M,2,c003
670230,Mamone,Marika,F,Fuori corso,c003
670231,Guidi,Gabriele,M,Fuori corso,c003
670232,Ciarla,Marta,F,Fuori corso,c003
670233,D'Amora,Emma,F,2,c003
670234,Fontana,Monica,F,1,c003
670235,Donati,Gabriele,M,1,c003
670236,Pace,Gianmarco,M,Fuori corso,c003
670237,Deiana,Viktoriya,F,1,c003
670238,Ranfi,Louise,F,2,c003
670239,Conti,Arianna,F,Laureata,c003
670240,De Simone,Linda,F,Fuori corso,c003
670241,Rosato,Thomas,M,Laureato,c003
670242,Haryadi,Barbara,F,Laureata,c003
670243,Armaroli,Mario,M,Laureato,c003
670244,Santana Moscato,Giorgia,F,2,c003
670245,Boubaker,Davide,M,1,c003
670246,Sala,Rosa,F,Laureata,c003
670247,De Stefano,Eva,F,2,c003
670248,Di Benimeo,Vittorio,M,2,c003
670249,Vidanalage,Maurizio,M,2,c003
670250,Sorgentone,Alice,F,Laureata,c003
670251,Valbonesi,Cristian,M,Laureato,c003
670252,Carbone,Alberto,M,1,c003
670253,Castagna,Marta,F,2,c003
670254,Donati,Maria,F,1,c003
670255,Castaldi,Sara,F,1,c003
670256,Colombo ,Teresa,F,2,c003
670257,Fiore,Amir,M,Laureato,c003
670258,De Filippis,Jessica,F,1,c003
670259,Conte,Noemi,F,Fuori corso,c003
670260,Agostini,Matilde,F,Laureata,c003
670261,Mane,Zoe,F,2,c003
670262,Rossi,Emma,F,2,c003
670263,Rimoldi,Elena,F,Fuori corso,c003
670264,Maroncelli,Lucrezia,F,Fuori corso,c003
670265,Berardi,Carmine,M,Fuori corso,c003
670266,Carucci,Amir,M,Laureato,c003
670267,Tarozzi,Jacopo,M,Fuori corso,c003
670268,Di Lena,Nicholas,M,1,c003
670269,Pisacane,Ginevra,F,Laureata,c003
670270,Serban,Amir,M,Laureato,c003
670271,D'Amico,Erica,F,Laureata,c003
670272,Cerilli,Monica,F,2,c003
670273,Zinnamosca,Tiziano,M,Fuori corso,c003
670274,Lelli,Vittorio,M,1,c003
670275,Piga,Mia,F,2,c003
670276,Ferri,Luciano,M,1,c003
670277,Vassura,Damiano,M,Fuori corso,c003
670278,Brizi,Beatrice,F,1,c003
670279,Cecere,Vanessa,F,2,c003
670280,Martino,Leo,M,1,c003
670281,El Hallaf,Vito,M,Laureato,c003
670282,De Freitas Sousa Tavares,Martin,M,Laureato,c003
670283,Zaccaria,Laura,F,2,c003
670284,Fazi,Alma,F,Laureata,c003
670285,Wirth,Barbara,F,Laureata,c003
670286,Pascale,Giorgia,F,2,c003
670287,D'Alessandro,Antonella,F,2,c003
670288,Infante,Monica,F,1,c003
670289,Pierucci ,Mattia,M,1,c003
670290,Vitor,Eleonora,F,Fuori corso,c003
670291,Sassi,Michela,F,Laureata,c003
670292,De Domenico ,Domenico,M,2,c003
670293,Fassbender,Giorgio,M,Laureato,c003
670294,Siracusa,Luciano,M,1,c003
670295,Pracucci,Valentina,F,Fuori corso,c003
670296,Pastore,Daniele,M,2,c003
670297,Von oppen,Luciano,M,2,c003
670298,Von oppen,Nicola,M,Fuori corso,c003
670299,Minuz,Nicola,M,Laureato,c003
670300,Bazhanova,Matilde,F,Laureata,c004
670301,Parisi,Annalisa,F,2,c004
670302,Albanese,Anita,F,Laureata,c004
670303,Raqabi,Teresa,F,Fuori corso,c004
670304,Lopez,Paul,M,Fuori corso,c004
670305,Dotti,Gianmarco,M,2,c004
670306,Fusini,Carlotta,F,Laureata,c004
670307,Renzoni,Ludovica,F,2,c004
670308,Albanese,Ale,M,2,c004
670309,Caporilli,Paula,F,1,c004
670310,Luzietti,Ginevra,F,Fuori corso,c004
670311,Giurgola,Mark,M,2,c004
670312,Sanges,Emanuele,M,1,c004
670313,Monsone ,Emanuele,M,1,c004
670314,Sorbalo,Gianmarco,M,Fuori corso,c004
670315,Forcina ,Rebecca,F,Laureata,c004
670316,Colonna,Lily,F,1,c004
670317,Gentile,Claudio,M,Fuori corso,c004
670318,Pello',Manuel,M,1,c004
670319,Gealapu,Andrea,M,1,c004
670320,Massa,Lucrezia,F,Fuori corso,c004
670321,Baldi,Rosa,F,Laureata,c004
670322,Buongrazio,Giovanna,F,2,c004
670323,Lombardo,Emilija,F,1,c004
670324,Nicastro,Melissa,F,Laureata,c004
670325,Ferrante,Salvatore,M,Laureato,c004
670326,Diamantini,Sara,F,Fuori corso,c004
670327,Costa,Valentina,F,Fuori corso,c004
670328,Sorbalo,Adela,F,Laureata,c004
670329,Valbonesi,Marie,F,2,c004
670330,Piazza,Giacomo,M,Laureato,c004
670331,Blasi,Elisabetta,F,Fuori corso,c004
670332,Rizzelli,Giuseppe,M,1,c004
670333,Delgado,Emanuele,M,Laureato,c004
670334,Marino,Benedetta,F,2,c004
670335,Monsorno,Miriam,F,Fuori corso,c004
670336,De Rosa,Paola,F,2,c004
670337,Anklin,Umberto,M,1,c004
670338,Vannozzi,Annalisa,F,Laureata,c004
670339,Piccolo,Roberto,M,2,c004
670340,Caporilli,Davide,M,Laureato,c004
670341,Simoni,Eleonora,F,1,c004
670342,Lanzoni,Maya,F,Fuori corso,c004
670343,Barone,Amelia,F,1,c004
670344,Buccolieri,Chiara,F,1,c004
670345,Pozzi,Khalil,M,Fuori corso,c004
670346,Costantini,Manuel,M,1,c004
670347,Siracusa,Charlotte,F,Fuori corso,c004
670348,Fortini,Linda,F,Fuori corso,c004
670349,Fabbri,Giuseppe,M,1,c004
670350,Moschetti,Lena,F,Fuori corso,c004
670351,Mena,Cyril,M,2,c004
670352,Fiadone ,Thomas,M,Laureato,c004
670353,Mamone,Michela,F,1,c004
670354,Carbone,Roberto,M,1,c004
670355,Monsorno,Salvatore,M,Fuori corso,c004
670356,Pascale,Viola,F,2,c004
670357,Martino,Paola,F,Fuori corso,c004
670358,Grande,Giulio,M,1,c004
670359,Morselli,Lucrezia,F,1,c004
670360,Bonn,Giovanna,F,Fuori corso,c004
670361,Caligiuri,Thomas,M,Fuori corso,c004
670362,Ghini,Salvatore,M,2,c004
670363,Wicher,Simona,F,1,c004
670364,Piani,Jakob,M,2,c004
670365,Michilli,Lilja,F,1,c004
670366,Zepponi,Ale,M,1,c004
670367,Tiglio,Paola,F,Laureata,c004
670368,Borkowska,Hannah,F,Fuori corso,c004
670369,Ercolani,Alma,F,2,c004
670370,Resende Azevedo,Andrea,M,Laureato,c004
670371,Blasi,Valeria,F,Fuori corso,c004
670372,Romano,Ella,F,1,c004
670373,Ricci,Mia,F,Fuori corso,c004
670374,Sala,Giulio,M,1,c004
670375,Lippi,Gabriella,F,Fuori corso,c004
670376,Tronconi,Paul,M,Laureato,c004
670377,Attendoli,Roberto,M,2,c004
670378,Lesniewska,Jacopo,M,Fuori corso,c004
670379,Gentili,Giulio,M,1,c004
670380,Lattanzi,Sara,F,Fuori corso,c004
670381,Attendoli,Nicholas,M,2,c004
670382,D'Amore,Matteo,M,2,c004
670383,Mezzogori,Lily,F,1,c004
670384,Barruga,Roberto,M,Laureato,c004
670385,Spalletta,Ahmed,M,Laureato,c004
670386,Giannetti,Viktoriya,F,Fuori corso,c004
670387,Giorgio,Marzia,F,2,c004
670388,Greco,Leo,M,Fuori corso,c004
670389,Buongrazio,Lorenzo,M,Laureato,c004
670390,Riva,Jacopo,M,Laureato,c004
670391,Di Pasquale,Paola,F,2,c004
670392,Fiordigigli,Emilia,F,Laureata,c004
670393,Orlando,Nicola,M,2,c004
670394,Cardinetti,Silvia,F,Fuori corso,c004
670395,Barsanti,Giulio,M,1,c004
670396,Coluccia,Ida,F,1,c004
670397,Romani Bergonzo,Ella,F,2,c004
670398,Caccamo,Claudio,M,1,c004
670399,Strazzanti,Giada,F,Fuori corso,c004
670400,Fazi,Davide,M,Fuori corso,c005
670401,Bonn,Irene,F,Laureata,c005
670402,Minestrini ,Matteo,M,3,c005
670403,La Sorda,Mario,M,Fuori corso,c005
670404,Masetti,Yosef,M,1,c005
670405,Montevecchi,Emanuela,F,2,c005
670406,Lippi,Marina,F,Fuori corso,c005
670407,Sanna,Jacopo,M,3,c005
670408,Gentilini,Ava,F,3,c005
670409,Diacetti,Maurizio,M,Fuori corso,c005
670410,Di Mario,Mattia,M,3,c005
670411,Bernardi,Mark,M,3,c005
670412,Mane,Margherita,F,Laureata,c005
670413,Angiuli,Letizia,F,1,c005
670414,Di Sipio,Julia,F,3,c005
670415,Monsorno,Davide,M,Fuori corso,c005
670416,Cannizzaro,Thomas,M,2,c005
670417,Vannozzi,Gianmarco,M,2,c005
670418,Capanna,Alessia,F,3,c005
670419,Sala,Damiano,M,3,c005
670420,Oliva,Elena,F,Laureata,c005
670421,Freschi ,Daniele,M,3,c005
670422,Abbondanza,Zala,F,1,c005
670423,Pia,Tiziano,M,2,c005
670424,Fiuzzi,Carlotta,F,2,c005
670425,Lorusso,Andrea,M,3,c005
670426,Di Renna,Mattia,M,Fuori corso,c005
670427,El Hallaf,Cristian,M,3,c005
670428,Sbreni,Erika,F,2,c005
670429,Manchia,Anita,F,2,c005
670430,Raqabi,Irene,F,Laureata,c005
670431,Panichi,Emanuela,F,Fuori corso,c005
670432,Di Renna,Martina,F,2,c005
670433,Prelati,Lucia,F,3,c005
670434,Marocchini,Roberto,M,3,c005
670435,Rimoldi,Manuel,M,2,c005
670436,Colongi,Ahmed,M,1,c005
670437,Burla,Vanessa,F,3,c005
670438,Brambilla,Erika,F,1,c005
670439,Garofalo,Ale,M,Laureato,c005
670440,Quadalti Noferini,Erica,F,2,c005
670441,Martino,Elia,M,2,c005
670442,Hossain,Martin,M,Laureato,c005
670443,Eichenberger,Zala,F,1,c005
670444,Delgado,Giulio,M,1,c005
670445,Minestrini ,Khalil,M,2,c005
670446,Cavallo,Louise,F,3,c005
670447,Panza,Gabriella,F,Laureata,c005
670448,Fazi,Thomas,M,Fuori corso,c005
670449,D'Amico,Rachele,F,Fuori corso,c005
670450,Ahmed el Ghandor,Erica,F,2,c005
670451,Zaccaria,Mario,M,3,c005
670452,Benhadda,Grace,F,Laureata,c005
670453,Donatantonio,Leo,M,Laureato,c005
670454,Sbreni,Giada,F,Laureata,c005
670455,Bernardi,Debora,F,Laureata,c005
670456,Fadda,Yosef,M,1,c005
670457,Ciampaglia,Davide,M,1,c005
670458,Di Paolo,Greta,F,3,c005
670459,Lucchesini,Paul,M,1,c005
670460,Accadia,Manuela,F,3,c005
670461,Minelli,Giulio,M,1,c005
670462,Pellegrini,Giuseppe,M,Fuori corso,c005
670463,Sorbalo,Eleonora,F,Fuori corso,c005
670464,Colle,Nicola,M,Laureato,c005
670465,Campana,Rosa,F,Fuori corso,c005
670466,De Sterlich,Cyril,M,Fuori corso,c005
670467,Alam,Mark,M,Laureato,c005
670468,De Florio,Lorenzo,M,2,c005
670469,Rimoldi,Lea,F,Fuori corso,c005
670470,Assal,Anna,F,Fuori corso,c005
670471,Mattioni,Roberto,M,Fuori corso,c005
670472,Brunetti,Defne,F,Fuori corso,c005
670473,Alam,Alice,F,3,c005
670474,Pongetti,Vanessa,F,Fuori corso,c005
670475,Di Mario,Manuela,F,1,c005
670476,Charaf,Adela,F,Laureata,c005
670477,Guaman,Lea,F,Laureata,c005
670478,Marata,Gloria,F,Laureata,c005
670479,De Santis,Mike,M,Laureato,c005
670480,Russo,Jacopo,M,Laureato,c005
670481,Minuz,Davide,M,3,c005
670482,Sala,Carmine,M,2,c005
670483,Di Carlo,Mario,M,Fuori corso,c005
670484,Mazza,Esma,F,3,c005
670485,Rucci,Martina,F,3,c005
670486,Pal ionut,Lucrezia,F,1,c005
670487,Romani Bergonzo,Saverio,M,Fuori corso,c005
670488,Taurone,Luciano,M,2,c005
670489,De Santis,Domenico,M,Fuori corso,c005
670490,Lombardo,Gioia,F,2,c005
670491,Robbio,Alessia,F,Laureata,c005
670492,Diacetti,Rachele,F,Fuori corso,c005
670493,Martinelli,Nicholas,M,3,c005
670494,Donati,Daniela,F,3,c005
670495,Bartolucci,Cyril,M,Laureato,c005
670496,Corrado,Erica,F,Laureata,c005
670497,Donatini,Andrea,M,Laureato,c005
670498,Cannizzaro,Flavio,M,1,c005
670499,Papaleo,Cristian,M,Fuori corso,c005
670500,Passitto,Beatrice,F,1,c006
670501,Ricciolino,Carmine,M,2,c006
670502,Lazazzera,Noemi,F,1,c006
670503,Oliva,Flavio,M,Laureato,c006
670504,Lombardo,Paul,M,Laureato,c006
670505,Di Santo,Salvatore,M,3,c006
670506,Pracucci,Diana,F,Laureata,c006
670507,Testa,Giacomo,M,Laureato,c006
670508,Costantini,Elena,F,Laureata,c006
670509,Morelli,Irene,F,Laureata,c006
670510,Pelo,Francesca,F,Laureata,c006
670511,Avendato,Annalisa,F,Laureata,c006
670512,Vassura,Daniela,F,2,c006
670513,Cauteruccio,Zeynep,F,Fuori corso,c006
670514,Tomassi,Tiziano,M,Fuori corso,c006
670515,Monaco,Ella,F,Fuori corso,c006
670516,Gigante,Claudio,M,1,c006
670517,Di Renna,Gabriele,M,3,c006
670518,Di Sipio,Salvatore,M,Fuori corso,c006
670519,Pelo,Giacomo,M,3,c006
670520,Pinna,Serena,F,1,c006
670521,Lanconelli,Jessica,F,Fuori corso,c006
670522,Baldari,Diana,F,Laureata,c006
670523,Magalotti,Louise,F,Fuori corso,c006
670524,Moretti,Luciano,M,1,c006
670525,Boes,Roberto,M,3,c006
670526,Rosata,Gaia,F,1,c006
670527,Accadia,Matteo,M,Fuori corso,c006
670528,Santucci,Nicholas,M,2,c006
670529,Kellmann,Carlotta,F,Fuori corso,c006
670530,Zanella,Jacopo,M,2,c006
670531,Vitor,Lucia,F,3,c006
670532,Cavaterra,Paolo,M,3,c006
670533,Cusin,Elena,F,3,c006
670534,Berardi,Zoe,F,3,c006
670535,Kellmann,Daniela,F,Fuori corso,c006
670536,Boncompagni,Sara,F,Fuori corso,c006
670537,Sebastiani,Debora,F,2,c006
670538,Cataldi,Lisa,F,Fuori corso,c006
670539,Vitali,Emanuele,M,Laureato,c006
670540,Williams,Claudio,M,Fuori corso,c006
670541,Baldi,Emanuele,M,3,c006
670542,Trasforini,Samantha,F,3,c006
670543,Bentivegna,Gianmarco,M,2,c006
670544,La Bella,Monica,F,Fuori corso,c006
670545,Robbio,Giorgio,M,2,c006
670546,Canichella,Bianca,F,1,c006
670547,Mattioni,Ilenia,F,2,c006
670548,Ciervo,Gianmarco,M,2,c006
670549,Soro,Marta,F,Laureata,c006
670550,Zecchini,Martina,F,1,c006
670551,Delgado,Laura,F,Fuori corso,c006
670552,Sorgentone,Gianmarco,M,Fuori corso,c006
670553,Romeo,Anita,F,Fuori corso,c006
670554,Guidi,Ilenia,F,Laureata,c006
670555,Del Aguila Rosario,Giacomo,M,Laureato,c006
670556,Polidori,Aurora,F,3,c006
670557,Cusin,Vittorio,M,3,c006
670558,Angelicchio,Flavio,M,2,c006
670559,Bellinzoni,Nicholas,M,3,c006
670560,Benhadda,Giorgio,M,Laureato,c006
670561,Grossi Pavia,Monica,F,Laureata,c006
670562,Calabrese,Mary,F,1,c006
670563,Minelli,Paula,F,Laureata,c006
670564,Jianu,Rachele,F,Fuori corso,c006
670565,Romani Bergonzo,Viola,F,Laureata,c006
670566,De Florio,Graziana,F,1,c006
670567,Leone,Julia,F,2,c006
670568,Gubinelli,Daniele,M,Fuori corso,c006
670569,Ruggieri,Aurora,F,1,c006
670570,De La Cruz,Davide,M,2,c006
670571,Benhadda,Khalil,M,Laureato,c006
670572,Verastegui Pereyra,Giovanna,F,Laureata,c006
670573,Bianco,Michela,F,2,c006
670574,Rizzelli,Ida,F,3,c006
670575,Mazza,Manuel,M,2,c006
670576,Carpi Marasco,Rosa,F,Laureata,c006
670577,Vassura,Angela,F,2,c006
670578,Marchi,Max,M,Laureato,c006
670579,D'Amora,Grace,F,Laureata,c006
670580,Perrone,Paul,M,2,c006
670581,Stefanovich,Zoe,F,3,c006
670582,Pascale,Hannah,F,2,c006
670583,Frasca,Aurora,F,Laureata,c006
670584,Focaccia,Paolo,M,2,c006
670585,Bagnaia,Cristiano,M,Laureato,c006
670586,Tulli,Matteo,M,Laureato,c006
670587,De Rosa,Angela,F,1,c006
670588,Haji,Giovanna,F,2,c006
670589,Placidi ,Laura,F,3,c006
670590,Monsone ,Carlotta,F,Fuori corso,c006
670591,Cellini,Roberto,M,1,c006
670592,Esposito,Paul,M,2,c006
670593,Palmieri,Zeynep,F,3,c006
670594,Caruso,Ale,M,3,c006
670595,Lattanzi,Zala,F,3,c006
670596,Stefanovich,Anna,F,Laureata,c006
670597,Ruggeri,Emilija,F,2,c006
670598,Ermeti,Ale,M,Laureato,c006
670599,Ferri,Mia,F,3,c006
670600,Harroud,Maria,F,Fuori corso,c007
670601,Morsiani,Roberto,M,3,c007
670602,Metozzi,Ava,F,3,c007
670603,Linzi,Isabella,F,1,c007
670604,Porcu,Salvatore,M,2,c007
670605,Colonna,Matteo,M,1,c007
670606,Conte,Nicholas,M,Laureato,c007
670607,Franco,Cristian,M,Fuori corso,c007
670608,Russo,Marie,F,2,c007
670609,Tiglio,Domenico,M,Laureato,c007
670610,Grande,Gianmarco,M,2,c007
670611,Costa,Cristian,M,3,c007
670612,Ferrarese,Francesca,F,1,c007
670613,Tioni,Noemi,F,3,c007
670614,Zenina,Mattia,M,2,c007
670615,Mane,Chiara,F,3,c007
670616,Amato,Laura,F,1,c007
670617,Siracusa,Greta,F,Laureata,c007
670618,Fossaroli,Astrid,F,Laureata,c007
670619,Ducci,Nicola,M,Fuori corso,c007
670620,Pucciotti,Zoe,F,3,c007
670621,Malagigi,Adele,F,Fuori corso,c007
670622,Harasymiuk,Luciano,M,Fuori corso,c007
670623,Lorusso,Rachele,F,3,c007
670624,Paduano,Mike,M,Fuori corso,c007
670625,Ermeti,Marika,F,2,c007
670626,Graffiedi,Thomas,M,3,c007
670627,Scotti,Andrea,M,Fuori corso,c007
670628,Armaroli,Damiano,M,1,c007
670629,Nizzi,Alberto,M,2,c007
670630,De Luca,Lucas,M,3,c007
670631,Azzarri,Maurizio,M,Fuori corso,c007
670632,Iacoangeli,Jakob,M,3,c007
670633,Botnariu,Giulio,M,3,c007
670634,Rossi,Cyril,M,2,c007
670635,Gentilini,Teresa,F,3,c007
670636,Wozniak,Margherita,F,Laureata,c007
670637,Moschetti,Erika,F,Laureata,c007
670638,Bardi,Ava,F,3,c007
670639,Di Ruzza,Yosef,M,2,c007
670640,Naci,Ginevra,F,3,c007
670641,Corrias,Federica,F,3,c007
670642,Zanelli,Giuseppe,M,Laureato,c007
670643,Blasi ,Roberto,M,2,c007
670644,Verastegui Pereyra,Lucrezia,F,Fuori corso,c007
670645,Angiuli,Mike,M,Fuori corso,c007
670646,Casadei,Elif,F,2,c007
670647,Moschetti,Viola,F,2,c007
670648,Rebeccato,Flavio,M,2,c007
670649,Corrias,Emma,F,Laureata,c007
670650,Antonelli,Ale,M,2,c007
670651,Mariani,Monica,F,3,c007
670652,Ceraldi,Giacomo,M,1,c007
670653,Valente,Damiano,M,1,c007
670654,Gatti,Monica,F,2,c007
670655,Giordano,Carmine,M,1,c007
670656,Bassani,Amir,M,Fuori corso,c007
670657,Galotti,Jakob,M,3,c007
670658,Bonn,Hannah,F,1,c007
670659,Grossi Pavia,Gioia,F,Laureata,c007
670660,Vinciguerra,Lisa,F,Fuori corso,c007
670661,Piazza,Jacopo,M,1,c007
670662,Ferrari,Nicholas,M,2,c007
670663,Jaschke ,Valeria,F,Laureata,c007
670664,Costantini,Antonella,F,3,c007
670665,Tiglio,Maya,F,3,c007
670666,Barone,Elif,F,3,c007
670667,Lazar,Damiano,M,Laureato,c007
670668,Rizzo,Isabella,F,2,c007
670669,Tioni,Lucia,F,Laureata,c007
670670,Caputo,Khalil,M,2,c007
670671,Mattioni,Cristina,F,Fuori corso,c007
670672,Berardi,Gabriele,M,3,c007
670673,Clementucci,Valentina,F,Fuori corso,c007
670674,Giura,Valentina,F,2,c007
670675,Tazzari,Vito,M,2,c007
670676,Lombardo,Ilenia,F,1,c007
670677,Aguila,Emma,F,Fuori corso,c007
670678,Lecca,Carmine,M,1,c007
670679,Gubinelli,Leo,M,1,c007
670680,Pozzi,Gabriele,M,2,c007
670681,Arlati,Cristiano,M,3,c007
670682,Romagnoli ,Luciano,M,3,c007
670683,Renzoni,Lucas,M,3,c007
670684,Vaccaro,Domenico,M,2,c007
670685,Tarani,Marzia,F,3,c007
670686,Monsone ,Emma,F,2,c007
670687,Bencivenga,Stefania,F,1,c007
670688,Zaccaria,Defne,F,Fuori corso,c007
670689,Croce,Mark,M,Fuori corso,c007
670690,Antosh,Paula,F,Fuori corso,c007
670691,Romeo,Graziana,F,Laureata,c007
670692,Kovacs,Francesca,F,1,c007
670693,Di Menna,Gaia,F,2,c007
670694,Apa,Michela,F,3,c007
670695,Gindre,Esma,F,1,c007
670696,Borghini,Roberto,M,Laureato,c007
670697,Bentivegna,Erica,F,1,c007
670698,Fassbender,Emilija,F,1,c007
670699,Toader,Gloria,F,1,c007
670700,Rossetti,Khalil,M,Laureato,c008
670701,Costantini,Jacopo,M,Laureato,c008
670702,Medda,Greta,F,1,c008
670703,Fossaroli,Elisabetta,F,Laureata,c008
670704,Tarozzi,Abdul,M,1,c008
670705,Rinaldi,Chiara,F,Fuori corso,c008
670706,Barbieri,Gabriele,M,2,c008
670707,Gutjahr,Sara,F,Laureata,c008
670708,Caligari,Emanuele,M,1,c008
670709,Ricci,Mark,M,Fuori corso,c008
670710,Sassetti,Giuseppe,M,Laureato,c008
670711,Turci,Miriam,F,Fuori corso,c008
670712,Wally,Cristiano,M,Laureato,c008
670713,Taifi,Sonia,F,Fuori corso,c008
670714,Cellini,Ale,M,Laureato,c008
670715,Ricci,Giacomo,M,2,c008
670716,Lelli,Michele,M,Fuori corso,c008
670717,Minestrini ,Valentina,F,Fuori corso,c008
670718,Grassi,Max,M,2,c008
670719,Scipioni,Erica,F,2,c008
670720,Sorrentino,Max,M,Laureato,c008
670721,Cerchierini,Max,M,1,c008
670722,Sipio,Cristina,F,1,c008
670723,Mercantini,Guido,M,1,c008
670724,Garofalo,Teresa,F,2,c008
670725,Pasquini,Jessica,F,1,c008
670726,Bonomo,Alberto,M,2,c008
670727,Neri,Julia,F,Laureata,c008
670728,Bruni,Cristiano,M,1,c008
670729,Rosati,Abdul,M,Fuori corso,c008
670730,Veneziano,Lena,F,Laureata,c008
670731,Piccolo,Alma,F,2,c008
670732,Morelli,Sarah,F,2,c008
670733,Rimoldi,Veronica,F,1,c008
670734,Sasvari,Pietro,M,2,c008
670735,Toso,Matilde,F,Fuori corso,c008
670736,Bernardi,Ginevra,F,2,c008
670737,Bruni,Giuseppe,M,Fuori corso,c008
670738,Sorbalo,Daniele,M,Fuori corso,c008
670739,Trasforini,Damiano,M,1,c008
670740,Donatini,Caterina,F,1,c008
670741,Antosh,Thomas,M,1,c008
670742,Wirth,Alessandra,F,1,c008
670743,Carbone,Mario,M,Laureato,c008
670744,Bianchi,Vittorio,M,Laureato,c008
670745,Gasmi,Giacomo,M,2,c008
670746,Zaratti,Paolo,M,Fuori corso,c008
670747,Focaccia,Ludovica,F,2,c008
670748,Nuti,Giulio,M,Laureato,c008
670749,Basile,Martin,M,Fuori corso,c008
670750,Cauteruccio,Elif,F,Fuori corso,c008
670751,Corrado,Leo,M,2,c008
670752,Ranfi,Angelica,F,1,c008
670753,Cerchierini,Alberto,M,1,c008
670754,Ciervo,Emanuele,M,2,c008
670755,Milani,Lucia,F,Laureata,c008
670756,Silvestri,Abdul,M,2,c008
670757,De Santis,Luisa,F,1,c008
670758,Williams,Leo,M,2,c008
670759,Galli,Tiziano,M,1,c008
670760,Barone,Marzia,F,1,c008
670761,Accadia,Giuseppe,M,Fuori corso,c008
670762,Morelli,Paola,F,Laureata,c008
670763,Zanelli,Astrid,F,Laureata,c008
670764,De Filippis,Lea,F,Laureata,c008
670765,Baronti,Luciano,M,Fuori corso,c008
670766,Gutjahr,Alma,F,Fuori corso,c008
670767,Castaldo,Angela,F,Laureata,c008
670768,Veneziani,Vanessa,F,2,c008
670769,Greco,Ahmed,M,2,c008
670770,Avello,Lorenzo,M,Fuori corso,c008
670771,Castaldi,Khalil,M,2,c008
670772,Di Carlo,Adela,F,2,c008
670773,El Falaki,Barbara,F,1,c008
670774,Fiore,Debora,F,2,c008
670775,Colombo ,Cecilia,F,Laureata,c008
670776,Mercantini,Manuel,M,1,c008
670777,Giordano,Lea,F,1,c008
670778,Costa,Yosef,M,Fuori corso,c008
670779,Lunerti,Francesca,F,Fuori corso,c008
670780,Fumagalli,Mattia,M,Fuori corso,c008
670781,Cerilli,Zoe,F,Laureata,c008
670782,Giordano,Gabriele,M,Fuori corso,c008
670783,Williams,Manuel,M,Laureato,c008
670784,Mercantini,Valeria,F,1,c008
670785,De Matteo,Jacopo,M,Laureato,c008
670786,Ruggeri,Alessandra,F,Fuori corso,c008
670787,Amato,Gioia,F,Fuori corso,c008
670788,Moukrim,Anita,F,Laureata,c008
670789,Pal ionut,Roberta,F,Laureata,c008
670790,Diacetti,Mario,M,1,c008
670791,Andronico,Vittorio,M,Laureato,c008
670792,Pacini,Linda,F,Laureata,c008
670793,Castagna,Anna,F,Fuori corso,c008
670794,Marra,Alberto,M,1,c008
670795,Brunetti,Debora,F,Laureata,c008
670796,Caligari,Giacomo,M,1,c008
670797,Guidi,Debora,F,2,c008
670798,Lazar,Nicola,M,Laureato,c008
670799,Giannetti,Michela,F,2,c008
670800,D'emilia,Pietro,M,Laureato,c009
670801,Assal,Cristian,M,Laureato,c009
670802,Usami,Salvatore,M,1,c009
670803,Tomassi,Camilla,F,2,c009
670804,Bencivenga,Ahmed,M,Laureato,c009
670805,Carullo,Letizia,F,Laureata,c009
670806,Lelli,Martina,F,Laureata,c009
670807,Bellettini,Maurizio,M,Laureato,c009
670808,Zak,Paolo,M,1,c009
670809,Fabbrizi,Cyril,M,1,c009
670810,Pacini,Umberto,M,2,c009
670811,Celotti,Gabriele,M,Laureato,c009
670812,Bruni,Lucrezia,F,2,c009
670813,Colombo ,Lily,F,1,c009
670814,Fratini,Thomas,M,Laureato,c009
670815,Morsiani,Linda,F,Fuori corso,c009
670816,Diamantini,Matteo,M,Laureato,c009
670817,Dolciotti,Zeynep,F,2,c009
670818,Malagigi,Maria,F,1,c009
670819,De Santis,Umberto,M,Fuori corso,c009
670820,Ferrante,Amir,M,Laureato,c009
670821,Ducci,Ludovica,F,Fuori corso,c009
670822,Masetti,Jessica,F,Fuori corso,c009
670823,Serra,Emanuele,M,1,c009
670824,Charaf,Giuseppe,M,1,c009
670825,Celotti,Nicola,M,Laureato,c009
670826,De Santis,Angela,F,2,c009
670827,Bagnato,Antonella,F,Fuori corso,c009
670828,Odigwe,Mattia,M,2,c009
670829,Giurgola,Lorenzo,M,Laureato,c009
670830,Pelliccia,Francesca,F,1,c009
670831,Azzarri,Amir,M,2,c009
670832,Bartolini,Alberto,M,1,c009
670833,Cecere,Michele,M,2,c009
670834,La Bella,Greta,F,Laureata,c009
670835,Taurone,Nicole,F,2,c009
670836,Bardi,Aurora,F,Laureata,c009
670837,Trombino,Lorenzo,M,Laureato,c009
670838,Sorgentone,Ilenia,F,Laureata,c009
670839,Guerra,Margherita,F,1,c009
670840,Bello,Sonia,F,Laureata,c009
670841,De Stefano,Cyril,M,Laureato,c009
670842,Polidori,Lily,F,2,c009
670843,Renzoni,Jakob,M,Fuori corso,c009
670844,Cardinetti,Matteo,M,Laureato,c009
670845,Jianu,Esma,F,Laureata,c009
670846,Lena,Marzia,F,1,c009
670847,Wirth,Teresa,F,Fuori corso,c009
670848,Disabato,Pietro,M,2,c009
670849,Salvini,Alberto,M,Fuori corso,c009
670850,Zaccaria,Gianmarco,M,Laureato,c009
670851,Pal ionut,Lilja,F,Fuori corso,c009
670852,Mucci,Jessica,F,Laureata,c009
670853,Cerchierini,Emma,F,Fuori corso,c009
670854,Di Benimeo,Cristiano,M,Fuori corso,c009
670855,Vitale,Lisa,F,Fuori corso,c009
670856,Iuliano,Nicholas,M,Fuori corso,c009
670857,Passitto,Valentina,F,1,c009
670858,Gasmi,Simona,F,Fuori corso,c009
670859,Longo,Khalil,M,1,c009
670860,Acunzo,Maya,F,1,c009
670861,Lazar,Gianmarco,M,1,c009
670862,Mincuzzi,Alma,F,2,c009
670863,Fortini,Elena,F,1,c009
670864,Sartori,Umberto,M,2,c009
670865,Mincuzzi,Emanuele,M,Laureato,c009
670866,Odigwe,Laura,F,Laureata,c009
670867,Guerra,Adele,F,Laureata,c009
670868,Ferri,Rosa,F,1,c009
670869,Ciarlariello,Linda,F,Fuori corso,c009
670870,Marino,Jakob,M,Fuori corso,c009
670871,Abbondanza,Gabriella,F,2,c009
670872,Alam,Cecilia,F,Laureata,c009
670873,Gnani,Domenico,M,Laureato,c009
670874,Gamberini,Martin,M,Laureato,c009
670875,Tarnogrodzki,Ella,F,1,c009
670876,Galli,Gloria,F,Laureata,c009
670877,Baldi,Claudio,M,Laureato,c009
670878,Speziale,Amelia,F,Laureata,c009
670879,Tabane,Daniele,M,2,c009
670880,Kosek,Salvatore,M,1,c009
670881,Veneziano,Paola,F,Fuori corso,c009
670882,Di Stefano,Yosef,M,Fuori corso,c009
670883,Ghini,Cristina,F,Fuori corso,c009
670884,Colle,Roberto,M,Fuori corso,c009
670885,Caruso,Viola,F,2,c009
670886,Ricciardi,Amir,M,Laureato,c009
670887,Hushchyna,Lily,F,2,c009
670888,Scipioni,Vito,M,2,c009
670889,Ferrante,Daniele,M,Laureato,c009
670890,Longo,Mattia,M,Laureato,c009
670891,Ferraro,Alberto,M,1,c009
670892,Di Pasquale,Sara,F,1,c009
670893,Costa,Ale,M,2,c009
670894,Borkowska,Davide,M,2,c009
670895,Domenicali,Paolo,M,Laureato,c009
670896,Carina,Daniele,M,1,c009
670897,Bazzocchi,Domenico,M,1,c009
670898,Bonsignore,Vincenzo,M,Laureato,c009
670899,Jagmin,Emilija,F,2,c009
670900,Simonetti,Monica,F,Laureata,c010
670901,El Haqaoui,Valeria,F,5,c010
670902,Piro,Mattia,M,4,c010
670903,Coppola,Daniela,F,Laureata,c010
670904,Palazzari,Claudio,M,3,c010
670905,Chaibi,Emilija,F,4,c010
670906,Zolnowski,Francesca,F,5,c010
670907,Sassetti,Max,M,5,c010
670908,Rotella,Caterina,F,5,c010
670909,Toso,Linda,F,1,c010
670910,Quadalti Noferini,Ilenia,F,3,c010
670911,Buongrazio,Alessia,F,4,c010
670912,Cusin,Elif,F,2,c010
670913,Ferrero,Vincenzo,M,2,c010
670914,Minestrini ,Lena,F,Laureata,c010
670915,Balta,Ilenia,F,5,c010
670916,Carbone,Cristiano,M,Fuori corso,c010
670917,Fralassi,Jacopo,M,4,c010
670918,Castaldi,Gabriella,F,Fuori corso,c010
670919,Bernardi,Adela,F,Fuori corso,c010
670920,Donatini,Gabriele,M,5,c010
670921,Linzi,Jakob,M,4,c010
670922,Mollica,Chiara,F,3,c010
670923,Olivieri,Rosa,F,2,c010
670924,Stazzone,Roberto,M,Fuori corso,c010
670925,Fontolan,Saverio,M,5,c010
670926,Sepe ,Mary,F,3,c010
670927,Panchetti,Miriam,F,Fuori corso,c010
670928,Ghini,Roberta,F,1,c010
670929,Borghini,Umberto,M,Fuori corso,c010
670930,Emumwen,Giacomo,M,Fuori corso,c010
670931,Rocchi,Adele,F,Fuori corso,c010
670932,Coluccio,Carmine,M,5,c010
670933,Mezzogori,Giada,F,2,c010
670934,Riva,Lea,F,5,c010
670935,Canichella,Salvatore,M,Fuori corso,c010
670936,Castaldi,Giuseppe,M,5,c010
670937,Trombino,Leo,M,5,c010
670938,Ferrante,Ilenia,F,3,c010
670939,Giorgetti,Noemi,F,Laureata,c010
670940,Focaccia,Vito,M,1,c010
670941,Serban,Alice,F,Laureata,c010
670942,Iacoangeli,Martin,M,Laureato,c010
670943,Bonomo,Luciano,M,4,c010
670944,Marino,Annalisa,F,Fuori corso,c010
670945,Sanna,Lena,F,5,c010
670946,Sala,Giacomo,M,Fuori corso,c010
670947,Ceraldi,Monica,F,Laureata,c010
670948,Renzoni,Rosa,F,4,c010
670949,Carucci,Matteo,M,2,c010
670950,Ferrarese,Tiziano,M,3,c010
670951,Ferrarese,Federica,F,1,c010
670952,Di Sipio,Gabriele,M,2,c010
670953,Porcu,Mario,M,4,c010
670954,Antonelli,Caterina,F,4,c010
670955,Zepponi,Maurizio,M,4,c010
670956,Kovacs,Leo,M,Laureato,c010
670957,Caputo,Diana,F,3,c010
670958,Agostini,Luciano,M,3,c010
670959,Iuliano,Gianmarco,M,5,c010
670960,El Falaki,Eva,F,4,c010
670961,Callegarini,Giorgio,M,Fuori corso,c010
670962,Domenicali,Isabella,F,Fuori corso,c010
670963,Mirante,Ella,F,Laureata,c010
670964,Parravani,Amelia,F,Laureata,c010
670965,Tarani,Erika,F,5,c010
670966,Tronconi,Vittorio,M,1,c010
670967,Fraticelli,Flavio,M,3,c010
670968,Di Renna,Michele,M,Laureato,c010
670969,Errahmani,Ella,F,3,c010
670970,Angiuli,Tiziano,M,2,c010
670971,Tufano,Maria,F,Laureata,c010
670972,Caligiuri,Lily,F,4,c010
670973,Dallago,Zoe,F,Laureata,c010
670974,De Angelis,Mike,M,3,c010
670975,Balloni,Claudio,M,3,c010
670976,De Santis,Lea,F,4,c010
670977,Longo,Giada,F,3,c010
670978,Naci,Mark,M,3,c010
670979,Villani,Manuela,F,4,c010
670980,Gnani,Lucia,F,1,c010
670981,Buccolieri,Luciano,M,2,c010
670982,Caputo,Ilaria,F,2,c010
670983,Tarani,Michele,M,3,c010
670984,Minnella,Jacopo,M,2,c010
670985,Palmieri,Ale,M,3,c010
670986,Turci,Marina,F,3,c010
670987,Ceccaroni,Carmine,M,2,c010
670988,Poli,Maya,F,Laureata,c010
670989,Piersanti,Eleonora,F,Laureata,c010
670990,Mattioni,Astrid,F,5,c010
670991,Agostini,Angelica,F,3,c010
670992,Luzietti,Giovanna,F,Fuori corso,c010
670993,Rosato,Maya,F,3,c010
670994,Di Stefano,Umberto,M,3,c010
670995,Popescu,Giada,F,2,c010
670996,Eichenberger,Teresa,F,4,c010
670997,Ortu,Lily,F,1,c010
670998,Zenina,Claudia,F,5,c010
670999,Wozniczka,Lily,F,Fuori corso,c010
671000,Papaleo,Chiara,F,5,c011
671001,Laita,Michela,F,3,c011
671002,Ferro,Emilia,F,5,c011
671003,De Santis,Lily,F,5,c011
671004,Giuliani,Cyril,M,2,c011
671005,Mariani,Tiziano,M,6,c011
671006,Bruni,Rachele,F,4,c011
671007,Mascali zeo,Vincenzo,M,1,c011
671008,Infante,Adele,F,2,c011
671009,Grebenea,Ginevra,F,Laureata,c011
671010,Errahmani,Debora,F,Laureata,c011
671011,Williams,Sarah,F,3,c011
671012,Ferretti,Elena,F,4,c011
671013,Moschetti,Pietro,M,4,c011
671014,Zeolla,Camilla,F,1,c011
671015,Zito,Manuela,F,Laureata,c011
671016,Pacini,Lilja,F,4,c011
671017,Leone,Claudio,M,Fuori corso,c011
671018,Amato,Vito,M,6,c011
671019,Guerra,Emilia,F,5,c011
671020,Ciervo,Davide,M,3,c011
671021,Attendoli,Zoe,F,5,c011
671022,Galotti,Serena,F,3,c011
671023,Totaro ,Esma,F,3,c011
671024,Neri,Sarah,F,Fuori corso,c011
671025,Romagnoli ,Thomas,M,3,c011
671026,Zito,Serena,F,4,c011
671027,Grande,Manuel,M,3,c011
671028,Silvestri,Elena,F,1,c011
671029,Baldinotti,Cristian,M,3,c011
671030,Bardi,Matteo,M,3,c011
671031,Kellmann,Defne,F,1,c011
671032,Vella,Emilia,F,4,c011
671033,Santoro,Vito,M,4,c011
671034,Paradisi,Martin,M,5,c011
671035,Piga,Monica,F,Fuori corso,c011
671036,Zito,Carmine,M,Laureato,c011
671037,Masetti,Alessandra,F,1,c011
671038,Caporilli,Julia,F,5,c011
671039,Santini,Eleonora,F,1,c011
671040,Taurone,Abdul,M,Laureato,c011
671041,Rosata,Irene,F,1,c011
671042,Manchia,Jakob,M,1,c011
671043,Di Maio,Nicola,M,6,c011
671044,Mollica,Mila,F,1,c011
671045,Fiore,Alma,F,1,c011
671046,Blasi ,Nicola,M,6,c011
671047,Caccamo,Ahmed,M,Laureato,c011
671048,Alpi,Mary,F,4,c011
671049,Benhadda,Lucia,F,Fuori corso,c011
671050,Ferraro,Esma,F,3,c011
671051,Deiana,Daniela,F,2,c011
671052,Morelli,Nicole,F,Laureata,c011
671053,Ceccarelli,Astrid,F,3,c011
671054,Canichella,Diana,F,5,c011
671055,Blasi ,Alessandra,F,2,c011
671056,Abu,Vincenzo,M,4,c011
671057,Tronconi,Mark,M,3,c011
671058,Jagmin,Cristian,M,1,c011
671059,Manzi,Adela,F,4,c011
671060,Cerilli,Marina,F,Laureata,c011
671061,Caligari,Monica,F,3,c011
671062,De Matteo,Greta,F,1,c011
671063,Sorrentino,Mary,F,1,c011
671064,Piras,Rachele,F,Fuori corso,c011
671065,Sepe ,Domenico,M,6,c011
671066,Pace,Pietro,M,5,c011
671067,Bellettini,Astrid,F,2,c011
671068,Vincenzi,Louise,F,Laureata,c011
671069,Errahmani,Mattia,M,Laureato,c011
671070,Pelo,Ale,M,Fuori corso,c011
671071,De Bacco,Alma,F,4,c011
671072,Vanni,Veronica,F,Laureata,c011
671073,De Luca,Benedetta,F,6,c011
671074,Fabbri,Ginevra,F,1,c011
671075,Montuori,Damiano,M,3,c011
671076,Angiuli,Francesco,M,5,c011
671077,Carucci,Lucas,M,6,c011
671078,Sgrigna,Max,M,2,c011
671079,Alfano,Martin,M,3,c011
671080,Azzarri,Zoe,F,3,c011
671081,Di Pasquale,Melissa,F,6,c011
671082,Minnella,Vincenzo,M,1,c011
671083,Rossi,Abdul,M,2,c011
671084,De Peppe,Giusy,F,2,c011
671085,Bonventre,Ahmed,M,Laureato,c011
671086,Sala,Jacopo,M,5,c011
671087,Ciampaglia,Erika,F,Fuori corso,c011
671088,La Bella,Martin,M,2,c011
671089,Greco,Vanessa,F,4,c011
671090,Ermeti,Andrea,M,3,c011
671091,Borgat-Wohlbang,Elia,M,2,c011
671092,Castaldi,Cristiano,M,Fuori corso,c011
671093,Giorgio,Roberto,M,6,c011
671094,Pal ionut,Gianmarco,M,1,c011
671095,Zanetti,Lilja,F,Fuori corso,c011
671096,Contiu,Gabriele,M,4,c011
671097,Haryadi,Jacopo,M,5,c011
671098,Deiana,Jessica,F,Laureata,c011
671099,Colonna,Greta,F,3,c011
671100,Cagnotti,Pietro,M,2,c012
671101,Colongi,Saverio,M,1,c012
671102,Pasquini,Ella,F,1,c012
671103,Nicastro,Michela,F,2,c012
671104,Piras,Maurizio,M,Laureato,c012
671105,Bonomo,Flavio,M,Laureato,c012
671106,Bonn,Francesco,M,2,c012
671107,De Angelis,Greta,F,3,c012
671108,Porta,Saverio,M,1,c012
671109,Corrado,Gabriele,M,Fuori corso,c012
671110,Comini,Vincenzo,M,Laureato,c012
671111,D'Ottavio ,Francesco,M,3,c012
671112,Stefoni,Giovanna,F,1,c012
671113,Cutillo,Mike,M,1,c012
671114,Villa,Anna,F,1,c012
671115,Rosati,Angelica,F,Laureata,c012
671116,Del Aguila Rosario,Cyril,M,3,c012
671117,Di Paolo,Mike,M,Fuori corso,c012
671118,Ghini,Martin,M,3,c012
671119,Iacoangeli,Ale,M,Fuori corso,c012
671120,Urzo,Anna,F,Laureata,c012
671121,El Kaaba Armit,Marina,F,2,c012
671122,Biondini,Anna,F,2,c012
671123,Torraca,Benedetta,F,Laureata,c012
671124,Tisba,Mia,F,Laureata,c012
671125,Boschi,Alberto,M,3,c012
671126,Castagna,Cristiano,M,Fuori corso,c012
671127,Pierucci ,Gianmarco,M,1,c012
671128,Rimoldi,Rosa,F,1,c012
671129,Giuliani,Mike,M,3,c012
671130,Stefoni,Zoe,F,Fuori corso,c012
671131,Piacentini,Emanuele,M,2,c012
671132,Popovici,Gabriele,M,Fuori corso,c012
671133,Sartori,Nicola,M,Fuori corso,c012
671134,Aiello,Valeria,F,2,c012
671135,Totaro ,Gabriele,M,2,c012
671136,Bentivegna,Davide,M,Laureato,c012
671137,Siapian,Teresa,F,Fuori corso,c012
671138,Perrone,Lisa,F,Fuori corso,c012
671139,Cospito,Isabella,F,Fuori corso,c012
671140,Pacini,Ida,F,Laureata,c012
671141,Bonomo,Yosef,M,Laureato,c012
671142,Saccone,Elia,M,3,c012
671143,Marino,Roberto,M,Fuori corso,c012
671144,Rosato,Charlotte,F,Fuori corso,c012
671145,Pinna,Eleonora,F,1,c012
671146,Renzulli,Maya,F,Fuori corso,c012
671147,Fadda,Martin,M,Fuori corso,c012
671148,Moiano,Hannah,F,2,c012
671149,Sorrentino,Cristiano,M,Fuori corso,c012
671150,Romano,Lilja,F,3,c012
671151,Santini,Michele,M,Laureato,c012
671152,Caldironi,Giulio,M,2,c012
671153,Carina,Abdul,M,3,c012
671154,Disabato,Jakob,M,1,c012
671155,Bassolino,Andrea,M,2,c012
671156,Veneziano,Roberto,M,Fuori corso,c012
671157,Steffanina,Antonella,F,2,c012
671158,Conte,Rebecca,F,Fuori corso,c012
671159,Covato,Guido,M,Fuori corso,c012
671160,Baiano,Lorenzo,M,2,c012
671161,Ciarla,Emilija,F,2,c012
671162,Capanna,Elisabetta,F,2,c012
671163,Dallago,Marzia,F,2,c012
671164,Fazi,Carmine,M,3,c012
671165,Tulli,Federica,F,1,c012
671166,Pacini,Giulio,M,2,c012
671167,Zenina,Paula,F,2,c012
671168,Galotti,Vito,M,Fuori corso,c012
671169,Bellinzoni,Emanuele,M,2,c012
671170,Sementilli,Mark,M,Laureato,c012
671171,Barone,Carmine,M,Laureato,c012
671172,Moro,Martin,M,Laureato,c012
671173,Conti,Giorgia,F,3,c012
671174,Angiuli,Arianna,F,1,c012
671175,Sestito,Astrid,F,3,c012
671176,Blasi,Alessia,F,Fuori corso,c012
671177,Di Menna,Elia,M,3,c012
671178,Nicastro,Giorgio,M,3,c012
671179,Vincenzi,Rachele,F,1,c012
671180,Cipollone,Francesco,M,1,c012
671181,Farazi,Ale,M,Laureato,c012
671182,Santini,Sabrina,F,Fuori corso,c012
671183,Grimaldi,Guido,M,1,c012
671184,Toso,Daniele,M,3,c012
671185,Assal,Lena,F,1,c012
671186,Ahmed el Ghandor,Andrea,M,Laureato,c012
671187,Ceraldi,Ida,F,2,c012
671188,Brunetti,Vito,M,1,c012
671189,Ruggiero,Francesco,M,1,c012
671190,Cavallo,Pietro,M,Fuori corso,c012
671191,Borgat-Wohlbang,Jessica,F,1,c012
671192,Quartarone,Adele,F,Laureata,c012
671193,Fratini,Lily,F,Fuori corso,c012
671194,Toader,Michele,M,Laureato,c012
671195,Conflitti,Nicola,M,2,c012
671196,Michilli,Luciano,M,Laureato,c012
671197,Gamberini,Rebecca,F,Laureata,c012
671198,Palatano,Jacopo,M,3,c012
671199,Santana Moscato,Elisa,F,2,c012
671200,Sanna,Giuseppe,M,Fuori corso,c013
671201,Arena,Nicola,M,4,c013
671202,Terracciano,Debora,F,Fuori corso,c013
671203,El Haqaoui,Alberto,M,5,c013
671204,Parravani,Miriam,F,Fuori corso,c013
671205,Tosolini,Carmine,M,2,c013
671206,Celotti,Jacopo,M,Laureato,c013
671207,Pia,Davide,M,4,c013
671208,Ferrero,Lena,F,5,c013
671209,Bianco,Arianna,F,6,c013
671210,Santoro,Gioia,F,1,c013
671211,Panza,Greta,F,1,c013
671212,Romano,Cristina,F,Fuori corso,c013
671213,Sebastiani,Angelica,F,3,c013
671214,De Luca,Martina,F,2,c013
671215,Grossi Pavia,Letizia,F,Fuori corso,c013
671216,Cauteruccio,Alessandra,F,1,c013
671217,Zapalski,Eleonora,F,1,c013
671218,Benhadda,Claudio,M,4,c013
671219,Bernardi,Vito,M,5,c013
671220,Colli,Ale,M,2,c013
671221,Martini,Simona,F,1,c013
671222,Tronconi,Ilenia,F,2,c013
671223,Jaschke ,Marina,F,Laureata,c013
671224,Aguila,Matilde,F,3,c013
671225,Anklin,Lilja,F,Laureata,c013
671226,Fico,Carlotta,F,2,c013
671227,Cellini,Alberto,M,3,c013
671228,Polidori,Mark,M,1,c013
671229,Castaldi,Monica,F,6,c013
671230,Marra,Esma,F,Laureata,c013
671231,Campanella,Carlotta,F,2,c013
671232,Errichetti,Serena,F,Fuori corso,c013
671233,Santini,Guido,M,1,c013
671234,Fossaroli,Anita,F,2,c013
671235,Pal ionut,Valeria,F,3,c013
671236,Casadei,Anna,F,Fuori corso,c013
671237,Pierucci ,Carlotta,F,Laureata,c013
671238,Bagnato,Elena,F,2,c013
671239,De La Cruz,Damiano,M,4,c013
671240,Bertini,Emilia,F,4,c013
671241,Popovici,Gaia,F,1,c013
671242,Huaman lopez,Maurizio,M,3,c013
671243,Leone,Anita,F,5,c013
671244,Baldinotti,Vito,M,1,c013
671245,Lanconelli,Mattia,M,1,c013
671246,Castagna,Vittorio,M,1,c013
671247,Pulsoni,Julia,F,5,c013
671248,Sala,Marina,F,Laureata,c013
671249,Guerra,Nicole,F,2,c013
671250,Huaman lopez,Mila,F,3,c013
671251,Spalletta,Alessandra,F,Fuori corso,c013
671252,Boubaker,Carlotta,F,3,c013
671253,Corraretti,Manuela,F,5,c013
671254,Sposato,Elif,F,6,c013
671255,Quadrini,Cristiano,M,Fuori corso,c013
671256,Ricciolino,Elisabetta,F,6,c013
671257,Bartolini,Sarah,F,2,c013
671258,Deiana,Mia,F,2,c013
671259,Delgadillo vargas,Rebecca,F,4,c013
671260,Conflitti,Alice,F,3,c013
671261,Fusco,Claudia,F,6,c013
671262,Angiuli,Sara,F,Laureata,c013
671263,Caputo,Emanuele,M,2,c013
671264,Odigwe,Max,M,Laureato,c013
671265,Minelli,Ella,F,3,c013
671266,Olivieri,Greta,F,1,c013
671267,Clesceri,Emanuela,F,5,c013
671268,Zenina,Emanuele,M,5,c013
671269,Farina,Ahmed,M,3,c013
671270,Aiello,Giuseppe,M,Laureato,c013
671271,Urbini,Vito,M,Laureato,c013
671272,De Domenico ,Davide,M,3,c013
671273,Sasvari,Mia,F,1,c013
671274,Grassi,Claudia,F,3,c013
671275,Casella,Leo,M,6,c013
671276,Panichi,Ginevra,F,Laureata,c013
671277,Tosolini,Vito,M,Laureato,c013
671278,Pompili,Louise,F,Fuori corso,c013
671279,Giura,Francesco,M,6,c013
671280,Fassbender,Mike,M,Laureato,c013
671281,Esposito,Claudio,M,6,c013
671282,Zolnowski,Giorgia,F,Fuori corso,c013
671283,Rizzelli,Manuela,F,6,c013
671284,Conte,Francesca,F,4,c013
671285,Wozniak,Ahmed,M,4,c013
671286,Leonetti,Mia,F,Laureata,c013
671287,Borgat-Wohlbang,Cecilia,F,1,c013
671288,Ferrara,Barbara,F,2,c013
671289,Fabbrizi,Gabriella,F,Fuori corso,c013
671290,Metozzi,Paula,F,2,c013
671291,Gigante,Elif,F,Laureata,c013
671292,Borghini,Marta,F,3,c013
671293,El Falaki,Angelica,F,5,c013
671294,Narducci,Saverio,M,1,c013
671295,Lombardi,Luciano,M,5,c013
671296,Balloni,Amir,M,6,c013
671297,Pezzuco,Paul,M,1,c013
671298,Iacoangeli,Cristian,M,4,c013
671299,Gindre,Lena,F,5,c013
671300,Zavalloni,Mark,M,3,c014
671301,De Angelis,Valentina,F,Fuori corso,c014
671302,Narducci,Lilja,F,Fuori corso,c014
671303,Jaschke ,Miriam,F,Laureata,c014
671304,Lunerti,Ahmed,M,Fuori corso,c014
671305,De Rosa,Federica,F,1,c014
671306,Corrias,Rachele,F,Fuori corso,c014
671307,Bertini,Elif,F,Fuori corso,c014
671308,Tioni,Angelica,F,Laureata,c014
671309,Chesti,Nicole,F,Laureata,c014
671310,Abbondanza,Domenico,M,Laureato,c014
671311,Michilli,Paolo,M,1,c014
671312,Fontanilla,Mary,F,3,c014
671313,Conti,Mila,F,2,c014
671314,Pinna,Giorgio,M,Fuori corso,c014
671315,Laurenti,Gabriella,F,2,c014
671316,Vella,Daniele,M,Laureato,c014
671317,Fiumi,Lily,F,Fuori corso,c014
671318,Totaro ,Tiziano,M,Fuori corso,c014
671319,Tiglio,Mario,M,Fuori corso,c014
671320,Parravani,Martin,M,2,c014
671321,Moretti,Salvatore,M,3,c014
671322,Vella,Vincenzo,M,1,c014
671323,Marchi,Cyril,M,Fuori corso,c014
671324,Ghazi,Mark,M,2,c014
671325,Barone,Lucas,M,2,c014
671326,Vanni,Gianmarco,M,1,c014
671327,De Florio,Rebecca,F,3,c014
671328,Mane',Bianca,F,Fuori corso,c014
671329,Minelli,Vittorio,M,Fuori corso,c014
671330,Gori,Thomas,M,Fuori corso,c014
671331,Wozniak,Lorenzo,M,2,c014
671332,Vaccaro,Chiara,F,2,c014
671333,Caputo,Mia,F,3,c014
671334,Scipioni,Marzia,F,3,c014
671335,Patwary,Luisa,F,1,c014
671336,Alpi,Gabriele,M,1,c014
671337,Fiadone ,Matteo,M,2,c014
671338,Guaman,Noemi,F,2,c014
671339,Resende Azevedo,Max,M,3,c014
671340,Labella,Mattia,M,Fuori corso,c014
671341,Robbio,Cyril,M,2,c014
671342,Hossain,Jessica,F,1,c014
671343,Sorrentino,Mark,M,3,c014
671344,Gentilini,Manuel,M,3,c014
671345,Vella,Khalil,M,3,c014
671346,Ermeti,Charlotte,F,3,c014
671347,Zolea,Giuseppe,M,3,c014
671348,Jianu,Michele,M,3,c014
671349,Bruni,Khalil,M,Fuori corso,c014
671350,Deiana,Mario,M,Laureato,c014
671351,Sebastiani,Matilde,F,1,c014
671352,Riva,Silvia,F,3,c014
671353,Guzman Soriano,Lea,F,1,c014
671354,Chiricozzi,Abdul,M,Laureato,c014
671355,Cenciarelli,Lily,F,1,c014
671356,Lopez,Anna,F,Fuori corso,c014
671357,Wilmer,Ava,F,3,c014
671358,Quadalti Noferini,Lisa,F,3,c014
671359,Wilmer,Davide,M,Laureato,c014
671360,Moukrim,Letizia,F,Fuori corso,c014
671361,Focaccia,Ahmed,M,Fuori corso,c014
671362,Mahu,Gianmarco,M,3,c014
671363,Cozzolino,Francesco,M,1,c014
671364,Costantini,Laura,F,2,c014
671365,Deiana,Elia,M,3,c014
671366,Ricci,Matteo,M,Fuori corso,c014
671367,Dorascenzi,Emanuela,F,2,c014
671368,Gindre,Michela,F,1,c014
671369,Lucani,Melissa,F,Laureata,c014
671370,Cirillo,Saverio,M,3,c014
671371,Cangini,Ahmed,M,Laureato,c014
671372,Chaibi,Claudio,M,Laureato,c014
671373,Bagnaia,Giorgia,F,Laureata,c014
671374,Moretti,Emilija,F,3,c014
671375,Paduano,Salvatore,M,1,c014
671376,De Florio,Mike,M,2,c014
671377,Baragliu,Guido,M,1,c014
671378,Pellegrini,Grace,F,3,c014
671379,Ricci,Ale,M,Laureato,c014
671380,Parisi,Damiano,M,3,c014
671381,Mascali zeo,Lucrezia,F,1,c014
671382,Aguila,Thomas,M,1,c014
671383,Ruggieri,Emanuele,M,2,c014
671384,Bonsignore,Elisa,F,3,c014
671385,De Santis,Irene,F,Fuori corso,c014
671386,Scardone,Charlotte,F,3,c014
671387,Chiricozzi,Vito,M,Laureato,c014
671388,Meucci,Lorenzo,M,1,c014
671389,Rossetti,Guido,M,Fuori corso,c014
671390,Borrelli,Ilenia,F,2,c014
671391,Scarale,Nicola,M,Fuori corso,c014
671392,Cerchierini,Ida,F,Fuori corso,c014
671393,Fontanella,Giacomo,M,1,c014
671394,Urzo,Gianmarco,M,2,c014
671395,Mincuzzi,Nicola,M,Laureato,c014
671396,Bello,Lilja,F,1,c014
671397,Gagliardi,Mattia,M,1,c014
671398,Baronti,Salvatore,M,Fuori corso,c014
671399,Bernardi,Cristian,M,Laureato,c014
671400,Dotti,Ale,M,1,c015
671401,Jagmin,Lily,F,Laureata,c015
671402,Latini,Laura,F,2,c015
671403,Siapian,Camilla,F,2,c015
671404,Minuz,Yosef,M,1,c015
671405,Ciampaglia,Amir,M,1,c015
671406,De Filippis,Emilia,F,Fuori corso,c015
671407,Morelli,Giulio,M,Fuori corso,c015
671408,Parini,Nicholas,M,1,c015
671409,Cecchetti,Giorgia,F,Fuori corso,c015
671410,Hossain,Adela,F,1,c015
671411,De Stefano,Ahmed,M,1,c015
671412,Farina,Jacopo,M,Fuori corso,c015
671413,Pia,Ella,F,1,c015
671414,Comini,Giorgio,M,1,c015
671415,Ianne,Ella,F,2,c015
671416,Valvano,Vanessa,F,Laureata,c015
671417,Bellettini,Damiano,M,2,c015
671418,Quartarone,Miriam,F,1,c015
671419,Benedetti,Gianmarco,M,Laureato,c015
671420,Sorgentone,Jakob,M,2,c015
671421,Pelliccia,Miriam,F,Laureata,c015
671422,Sanna,Umberto,M,1,c015
671423,Filippelli,Amir,M,2,c015
671424,Bianco,Max,M,Fuori corso,c015
671425,Ghini,Michela,F,1,c015
671426,Michilli,Teresa,F,Fuori corso,c015
671427,Brizi,Elif,F,Fuori corso,c015
671428,Bardi,Rebecca,F,1,c015
671429,Montuori,Ale,M,1,c015
671430,Lesniewska,Zeynep,F,2,c015
671431,Pereira De Castro,Francesco,M,1,c015
671432,Piga,Jakob,M,Fuori corso,c015
671433,Piani,Adela,F,2,c015
671434,Harroud,Gioia,F,2,c015
671435,Giannetti,Sabrina,F,2,c015
671436,Donatantonio,Matilde,F,Laureata,c015
671437,Rucci,Max,M,1,c015
671438,Focaccia,Maurizio,M,Laureato,c015
671439,Moukrim,Damiano,M,2,c015
671440,Minuz,Lena,F,Fuori corso,c015
671441,De Angelis,Gaia,F,2,c015
671442,Garofalo,Elia,M,Fuori corso,c015
671443,Neri,Gianmarco,M,2,c015
671444,Jagmin,Diana,F,2,c015
671445,Zepponi,Daniele,M,2,c015
671446,Nicastro,Domenico,M,Fuori corso,c015
671447,Pellegrini,Sofia,F,2,c015
671448,Brunetti,Amir,M,2,c015
671449,Vassura,Eleonora,F,Fuori corso,c015
671450,Gromala,Paolo,M,Laureato,c015
671451,Policarpo,Cecilia,F,Fuori corso,c015
671452,Ferrari,Elisa,F,2,c015
671453,De Florio,Davide,M,2,c015
671454,Gubinelli,Giuseppe,M,Fuori corso,c015
671455,Muratori,Flavio,M,Laureato,c015
671456,Parini,Lorenzo,M,1,c015
671457,Kovacs,Cristiano,M,2,c015
671458,Fabiani,Emma,F,Fuori corso,c015
671459,De Rosa,Monica,F,Laureata,c015
671460,Tiglio,Noemi,F,Fuori corso,c015
671461,Lanconelli,Gianmarco,M,Fuori corso,c015
671462,Casella,Jacopo,M,Laureato,c015
671463,Covato,Flavio,M,Laureato,c015
671464,Zeolla,Manuel,M,2,c015
671465,Pascale,Ludovica,F,1,c015
671466,Steffanina,Ahmed,M,Laureato,c015
671467,Mele,Antonella,F,2,c015
671468,Berardi,Giorgia,F,Fuori corso,c015
671469,Baldinotti,Alessandra,F,Fuori corso,c015
671470,Castaldo,Angelica,F,1,c015
671471,Teodorani,Julia,F,Fuori corso,c015
671472,Blasi ,Giulio,M,Fuori corso,c015
671473,Fiordigigli,Eva,F,Fuori corso,c015
671474,Tisba,Marie,F,1,c015
671475,Severi,Elisabetta,F,Fuori corso,c015
671476,Jaschke ,Lorenzo,M,1,c015
671477,Gutjahr,Giorgio,M,1,c015
671478,Rosati,Maurizio,M,1,c015
671479,Mattioni,Annalisa,F,2,c015
671480,Boes,Margherita,F,Fuori corso,c015
671481,Balta,Defne,F,Laureata,c015
671482,Dallago,Gaia,F,Fuori corso,c015
671483,Corraretti,Carmine,M,1,c015
671484,Pascucci,Claudio,M,1,c015
671485,Arlati,Nicola,M,1,c015
671486,Romano,Martin,M,Laureato,c015
671487,Canichella,Giorgio,M,1,c015
671488,Ricci,Luisa,F,2,c015
671489,Fortini,Roberta,F,Fuori corso,c015
671490,Teodorani,Chiara,F,2,c015
671491,Lombardi,Jacopo,M,1,c015
671492,Parisi,Ava,F,1,c015
671493,Emumwen,Bianca,F,1,c015
671494,Zaccaria,Elena,F,Laureata,c015
671495,Anklin,Pietro,M,1,c015
671496,Gutjahr,Khalil,M,Laureato,c015
671497,Dorascenzi,Letizia,F,1,c015
671498,Hushchyna,Luciano,M,2,c015
671499,Donati,Sonia,F,1,c015
