id,year,name,ssd,type,CFU,idDegree,choice;
s001,1,Disegno industriale 1,ICAR/13,a,6,c001,false;
s002,1,Disegno del prodotto industriale 1,ICAR/17,a,6,c001,false;
s003,1,Progettazione del prodotto d'arredo,ICAR/16,b,6,c001,false;
s004,1,Arredamento 1,ICAR/16,b,6,c001,false;
s005,1,Progettazione Grafica 1,ICAR/13,a,6,c001,false;
s006,1,Disegno,ICAR/17,a,6,c001,false;
s007,1,Luce Suono Clima,ING-IND/11,a,6,c001,false;
s008,1,Calcolo Numerico,MAT/08,a,6,c001,false;
s009,1,Statica,ICAR/08,a,6,c001,false;
s010,1,Fondamenti chimici delle tecnologie,CHIM/07,a,6,c001,false;
s011,2,Disegno industriale 2,ICAR/13,b,6,c001,false;
s012,2,Realizzazione del prodotto industriale,ICAR/12,c,6,c001,false;
s013,2,Arredamento 2,ICAR/16,b,6,c001,false;
s014,2,Tecnologia del prodotto d'arredo,ICAR/12,c,6,c001,false;
s015,2,Progettazione Grafica 2,ICAR/13,a,6,c001,false;
s016,2,Storia del Design e delle Arti Industriali,ICAR/18,a,6,c001,false;
s017,2,Proprietà meccaniche dei materiali per il design industriale,ING-IND/14,b,6,c001,false;
s018,2,Metodi di Progettazione per il Design Industriale,ING-IND/14,b,6,c001,false;
s019,2,Simulazione e Prototipazione virtuale,ING-IND/15,b,6,c001,false;
s020,2,Fondamenti di informatica,ING-INF/05,d,6,c001,true;
s021,2,Teoria dell'Architettura,ICAR/14,d,6,c001,true;
s022,2,Fondamenti e Applicazioni di Geometria Descrittiva,ICAR/17,d,6,c001,true;
s023,3,Realizzazione del prodotto industriale 2,ICAR/13,b,6,c001,false;
s024,3,Realizzazione del prodotto grafico,ICAR/13,b,6,c001,false;
s025,3,Storia delle Arti Contemporanee,L-ART/03,c,6,c001,false;
s026,3,Gestione dell'innovazione del prodotto,ING-IND/35,b,6,c001,false;
s027,3,Marketing Industriale,ING-IND/35,b,6,c001,false;
s028,3,Modelli di Business,ING-IND/35,d,6,c001,true;
s029,3,Storia dell'Architettura 3,ICAR/18,d,6,c001,true;
s030,1,Architettura degli Elaboratori e Sistemi Operativi,ING-INF/05,b,9,c002,false;
s031,1,Matematica Discreta,MAT/03,a,9,c002,false;
s032,1,Programmazione,INF/01,a,12,c002,false;
s033,1,Laboratorio di Informatica,INF/01,b,6,c002,false;
s034,1,Analisi Matematica,MAT/05,a,9,c002,false;
s035,1,Linguaggi di Programmazione,INF/01,a,9,c002,false;
s036,2,Algoritmi e Strutture Dati,INF/01,b,9,c002,false;
s037,2,Calcolo Numerico,MAT/08,a,6,c002,false;
s038,2,Basi di Dati,INF/01,b,9,c002,false;
s039,2,Fondamenti di Fisica,FIS/07,c,6,c002,false;
s040,2,Ingegneria del Software,INF/01,b,9,c002,false;
s041,2,Calcolo delle Probabilità e Statistica,MAT/06,c,6,c002,false;
s042,2,Metodi Avanzati di Programmazione,ING-INF/05,b,9,c002,false;
s043,2,Calcolabilità e Complessità,INF/01,a,6,c002,false;
s044,3,Reti di Calcolatori,ING-INF/05,b,9,c002,false;
s045,3,Interazione Uomo-Macchina,INF/01,b,6,c002,false;
s046,3,Ingegneria della Conoscenza,ING-INF/05,c,6,c002,false;
s047,3,Metodi per il Ritrovamento dell'Informazione,ING-INF/05,b,9,c002,false;
s048,3,Sviluppo di Videogiochi,INF/01,d,6,c002,true;
s049,3,Modelli e metodi per la sicurezza delle applicazioni,ING-INF/05,d,6,c002,true;
s050,3,Sistemi ad Agenti,INF/01,d,6,c002,true;
s051,3,Sistemi Multimediali,ING-INF/05,d,6,c002,true;
s052,3,Sistemi e Tecniche di Gestione Documentale,ING-INF/05,d,6,c002,true;
s053,1,Metodi Matematici della Fisica,FIS/02,b,7,c003,false;
s054,1,Metodi Numerici e Modelli Matematici,MAT/08,b,7,c003,false;
s055,1,Processi Stocastici,MAT/06,b,7,c003,false;
s056,1,Complementi di Fisica,FIS/01,c,7,c003,false;
s057,1,Istituzioni di Analisi Superiore 2,MAT/05,b,7,c003,false;
s058,1,Istituzioni di Geometria Superiore 2,MAT/03,b,7,c003,false;
s059,2,Analisi Superiore 1,MAT/05,b,7,c003,false;
s060,2,Geometria Superiore 1,MAT/03,b,7,c003,false;
s061,2,Crittografia,MAT/02,b,7,c003,false;
s062,2,Analisi Superiore 2,MAT/05,b,7,c003,true;
s063,2,Geometria Superiore 2,MAT/03,b,7,c003,true;
s064,2,Algebra Superiore,MAT/02,d,7,c003,true;
s065,2,Geometria Riemanniana,MAT/03,d,7,c003,true;
s066,2,Strumenti metodologici e tecnologici per la Didattica della Matematica,MAT/04,d,7,c003,true;
s067,2,Matematiche elementari da un P.V.S.,MAT/04,d,7,c003,true;
s068,2,Analisi di Fourier e teoria del potenziale,MAT/05,d,7,c003,true;
s069,2,Teoria dei Punti Critici,MAT/05,d,7,c003,true;
s070,2,Metodi Probabilistici in Finanza,MAT/06,d,7,c003,true;
s071,2,Statistica e Data Science per il marketing,MAT/06,d,7,c003,true;
s072,2,Istituzioni di Fisica Matematica,MAT/07,d,7,c003,true;
s073,2,Metodi Numerici per l'Ecologia e l'Ambiente,MAT/08,d,7,c003,true;
s074,1,Acarologia e nematologia agraria,AGR/11,b,6,c004,false;
s075,1,Gestione integrata della flora infestante,AGR/02,c,3,c004,false;
s076,1,Metodologia sperimentale in Agricoltura Agrometeorologia e principi di modellistica,AGR/02,b,6,c004,false;
s077,1,Patologia vegetale speciale,AGR/12,b,6,c004,false;
s078,1,Fisiopatologia vegetale,AGR/12,c,3,c004,false;
s079,1,Fisiologia vegetale,AGR/13,c,3,c004,false;
s080,1,Entomologia agraria,AGR/11,b,6,c004,false;
s081,1,Entomologia urbana,AGR/11,c,3,c004,false;
s082,1,Frutticoltura speciale,AGR/03,b,6,c004,false;
s083,1,Orto-floricoltura,AGR/04,c,3,c004,false;
s084,1,Diagnostica applicata e biotecnologie fitopatologiche,AGR/12,b,6,c004,false;
s085,2,Miglioramento genetico,AGR/07,b,6,c004,false;
s086,2,Resistenze genetiche alle malattie delle piante,AGR/12,c,3,c004,false;
s087,2,Chimica e biochimica dei prodotti fitosanitari,AGR/13,c,3,c004,false;
s088,2,Protezione biologica ed integrata dalle fitopatie,AGR/12,b,6,c004,false;
s089,2,Macchine per la distribuzione di prodotti fitosanitari,AGR/09,c,3,c004,false;
s090,2,Costruzioni ed impianti per le colture protette,AGR/10,c,3,c004,false;
s091,2,Sistemi di certificazione della qualità,AGR/01,c,3,c004,false;
s092,2,Normative fitosanitarie,AGR/12,c,3,c004,false;
s093,1,Analisi Matematica 1,MAT/05,a,8,c005,false;
s094,1,Acquisizione e Rappresentazione dei Dati Sperimentali,FIS/01,b,6,c005,false;
s095,1,Fisica Generale I Mod. A (Meccanica),FIS/01,a,6,c005,false;
s096,1,Chimica Generale ed Inorganica,CHIM/03,a,6,c005,false;
s097,1,Analisi Matematica 2,MAT/05,a,10,c005,false;
s098,1,Fisica Generale I Mod. B (Fluidodinamica e Onde),FIS/01,a,5,c005,false;
s099,1,Chimica Fisica,CHIM/02,a,6,c005,false;
s100,1,Sicurezza nei Laboratori e Rischio Chimico,CHIM/03,d,2,c005,true;
s101,1,Innovazione di Processo e Formulazioni Industriali,CHIM/04,d,3,c005,true;
s102,1,Innovazione Industriale,ING-IND/34,d,1,c005,true;
s103,1,Elettrochimica e Galvanica Industriale,CHIM/03,d,1,c005,true;
s104,2,Metodi Matematici della Fisica e Istituzioni di Fisica Teorica Mod. A (Metodi Matematici della Fisica),FIS/02,b,6,c005,false;
s105,2,Fisica Generale II Mod. A (Elettromagnetismo),FIS/01,a,5,c005,false;
s106,2,Chimica Organica e Tecnologia dei Polimeri,CHIM/06,a+c,6+4,c005,false;
s107,2,Analisi Numerica,MAT/08-INF-01,a+f,7,c005,false;
s108,2,Chimica Analitica 1 con Laboratorio,CHIM/01,c,8,c005,false;
s109,2,Cristallografia con Laboratorio,GEO/06,c,6,c005,false;
s110,2,Metodi Matematici della Fisica e Istituzioni di Fisica Teorica Mod. B (Istituzioni di Fisica Teorica),FIS/02,b,6,c005,false;
s111,2,Fisica Generale II Mod. B (Ottica),FIS/01,a,6,c005,false;
s112,2,Laboratorio di Misure Meccaniche Elettriche ed Ottiche,FIS/01,b,8,c005,false;
s113,3,Laboratorio di Optoelettronica,FIS/03,b,10,c005,false;
s114,3,Chimica Fisica dei Materiali con Laboratorio Mod. A (Spettroscopia),CHIM/02,a,5,c005,false;
s115,3,Chimica dei Materiali,CHIM/03,a,6,c005,false;
s116,3,Struttura della Materia,FIS/03-FIS/07,b,8,c005,false;
s117,3,Trattamento e Lavorazione Laser dei Materiali,FIS/03-FIS/07,b,6,c005,false;
s118,3,Chimica Analitica 2 con Laboratorio,CHIM/01,c,6,c005,false;
s119,3,Chimica Fisica dei Materiali con Laboratorio Mod. B (Soft Matter),CHIM/02,c,5,c005,false;
s120,3,Storia e Fondamenti della Fisica,FIS/08,d,4,c005,true;
s121,3,Laboratorio di Fisica Computazionale,FIS/07,d,4,c005,true;
s122,3,Esperimentazioni di Cristallografia,GEO/06,d,3,c005,true;
s123,3,Diffrazione di Raggi-x per Polveri,GEO/06,d,4,c005,true;
s124,3,Fondamenti di Sensoristica Sensori e Biosensori,CHIM/01,d,5,c005,true;
s125,3,Tecnologie dei Materiali per Costruzioni,ING-IND/16,d,3,c005,true;
s126,1,Letteratura italiana I,L-FIL-LET/10,a,9,c006,false;
s127,1,Geografia,M-GGR/01,a,12,c006,false;
s128,1,Letteratura francese,L-LIN/03,b,6,c006,true;
s129,1,Letteratura spagnola,L-LIN/05,b,6,c006,true;
s130,1,Letteratura inglese,L-LIN/10,b,6,c006,true;
s131,1,Letteratura tedesca,L-LIN/13,b,6,c006,true;
s132,1,Lingua e traduzione francese,L-LIN/04,b,6,c006,true;
s133,1,Lingua e traduzione spagnola,L-LIN/07,b,6,c006,true;
s134,1,Lingua e traduzione inglese,L-LIN/12,b,6,c006,true;
s135,1,Lingua e traduzione tedesca,L-LIN/14,b,6,c006,true;
s136,1,Storia greca,L-ANT/02,c,6,c006,true;
s137,1,Storia romana,L-ANT/03,c,6,c006,true;
s138,1,Letteratura teatrale europea e americana,L-LIN/11,c,6,c006,true;
s139,1,Letteratura teatrale italiana,L-FIL-LET/10,c,6,c006,true;
s140,1,Storia del teatro greco,L-FIL-LET/02,c,6,c006,false;
s141,2,Lingua e letteratura latina,L-FIL-LET/04,a,12,c006,false;
s142,2,Istituzioni di filologia italiana,L-FIL-LET/13,a,6,c006,true;
s143,2,Istituzioni di filologia romanza,L-FIL-LET/09,a,6,c006,true;
s144,2,Letteratura italiana II,L-FIL-LET/10,b,9,c006,false;
s145,2,Grammatica storica della lingua italiana,L-FIL-LET/12,b,12,c006,false;
s146,2,Storia medievale,M-STO/01,b,9,c006,true;
s147,2,Storia moderna,M-STO/02,b,9,c006,true;
s148,2,Storia contemporanea,M-STO/04,b,9,c006,true;
s149,2,Storia del teatro,L-ART/05,c,6,c006,false;
s150,3,Glottologia e Linguistica,L-LIN/01,a,12,c006,false;
s151,3,Storia del cinema,L-ART/06,b,6,c006,false;
s152,3,Storia della musica,L-ART/07,b,6,c006,false;
s153,3,Letteratura italiana moderna e contemporanea,L-FIL-LET/11,c,6,c006,true;
s154,3,Letteratura teatrale europea e americana,L-LIN/11,c,6,c006,true;
s155,3,Letteratura teatrale italiana,L-FIL-LET/10,c,6,c006,true;
s156,3,Storia dell’arte medievale,L-ART/01,c,6,c006,true;
s157,3,Storia dell’arte moderna,L-ART/02,c,6,c006,true;
s158,3,Storia dell’arte contemporanea,L-ART/03,c,6,c006,true;
s159,3,Semiotica del testo teatrale,M-FIL/05,c,6,c006,true;
s160,3,Estetica,M-FIL/04,c,6,c006,true;
s161,3,Pedagogia generale e sociale,M-PED/01,c,6,c006,true;
s162,3,Antropologia culturale,M-DEA/01,c,6,c006,true;
s163,1,Filosofia teoretica,M-FIL/01,a,9,c007,false;
s164,1,Filosofia morale,M-FIL/03,a,9,c007,false;
s165,1,Storia della filosofia,M-FIL/06,a,9,c007,false;
s166,1,Storia della filosofia antica,M-FIL/07,a,9,c007,false;
s167,1,Storia della filosofia moderna,M-FIL/06,b,9,c007,false;
s168,1,Storia romana,L-ANT/03,c,6,c007,true;
s169,1,Storia greca,L-ANT/02,c,6,c007,true;
s170,1,Storia delle dottrine politiche,SPS/02,c,6,c007,true;
s171,1,Cultura letteraria della Grecia antica,L-FIL-LET/02,c,6,c007,true;
s172,1,Letteratura italiana contemporanea,L-FIL-LET/11,c,6,c007,true;
s173,1,Antropologia culturale,M-DEA/01,b,6,c007,true;
s174,1,Pedagogia speciale,M-PED/03,b,6,c007,true;
s175,1,Pedagogia generale e sociale,M-PED/01,b,6,c007,true;
s176,1,Sociologia e ricerca sociale,SPS/07,b,6,c007,true;
s177,1,Psicologia sociale,M-PSI/05,b,6,c007,true;
s178,1,Geografia,M-GGR/01,b,6,c007,true;
s179,1,Storia della chiesa antica,M-STO/07,b,6,c007,true;
s180,2,Storia della filosofia medievale,M-FIL/08,b,9,c007,false;
s181,2,Filosofie contemporanee e saperi di genere,M-FIL/06,b,9,c007,false;
s182,2,Ermeneutica filosofica,M-FIL/01,b,9,c007,false;
s183,2,Filosofia etico-politica,M-FIL/03,b,9,c007,false;
s184,2,Storia della scienza,M-STO/05,a,9,c007,false;
s185,2,Storia della filosofia politica classica,SPS/02,a,6,c007,true;
s186,2,Storia moderna,M-STO/02,a,6,c007,true;
s187,2,Storia medievale,M-STO/01,a,6,c007,true;
s188,2,Storia contemporanea,M-STO/04,a,6,c007,true;
s189,2,Estetica,M-FIL/04,b,9,c007,true;
s190,2,Storia della Filosofia Contemporanea,M-FIL/06,b,9,c007,true;
s191,3,Storia moderna,M-STO/02,c,6,c007,true;
s192,3,Storia medievale,M-STO/01,c,6,c007,true;
s193,3,Storia contemporanea,M-STO/04,c,6,c007,true;
s194,3,Storia del cinema,L-ART/06,c,6,c007,true;
s195,3,Storia della musica moderna e contemporanea,L-ART/07,c,6,c007,true;
s196,3,Filosofia del linguaggio,M-FIL/05,b,9,c007,true;
s197,3,Logica e filosofia della scienza,M-FIL/02,b,9,c007,true;
s198,3,Antropologia filosofica,M-FIL/03,b,9,c007,true;
s199,3,Bioetica,M-FIL/03,b,9,c007,true;
s200,3,Filosofia del Rinascimento,M-FIL/06,b,9,c007,true;
s201,3,Storia dell'estetica,M-FIL/04,b,9,c007,true;
s202,3,Semiotica,M-FIL/05,b,9,c007,true;
s203,3,Storia greca,L-ANT/02,c,6,c007,true;
s204,3,Storia romana,L-ANT/03,c,6,c007,true;
s205,3,Storia medievale,M-STO/01,c,6,c007,true;
s206,3,Storia contemporanea,M-STO/04,c,6,c007,true;
s207,3,Storia dell'arte contemporanea,L-ART/03,c,6,c007,true;
s256,1,Metodi e tecniche della ricerca sociale,SPS/07,b,7,c008,false;
s257,1,Diritto regionale e degli enti locali,IUS/09,b,8,c008,false;
s258,1,Politica economica sociale e del lavoro,SECS-P/02,b,8,c008,false;
s259,1,Demografia sociale,SECS-S/04,c,6,c008,false;
s260,1,Storia dell’idea del Welfare State,SPS/02,b,7,c008,true;
s261,1,Sovranità e culture politiche della cittadinanza,SPS/02,b,7,c008,true;
s262,1,Processi educativi per l’inclusione sociale,M-PED/01,b,7,c008,false;
s263,2,Programmazione e valutazione delle politiche sociali,SPS/07,b,8,c008,false;
s264,2,Cittadinanza e diritti umani,IUS/20,a,6,c008,true;
s265,2,Diritto penale minorile,IUS/17,a,6,c008,true;
s266,2,Etica pubblica e solidarietà sociale,SPS/01,b,7,c008,true;
s267,2,Elementi di scienza politica e filosofia sociale,SPS/01,b,7,c008,true;
s268,2,Diritto di famiglia,IUS/01,b,7,c008,false;
s269,2,Diritto della sicurezza sociale,IUS/07,b,7,c008,false;
s270,2,Politiche sociali delle organizzazioni internazionali e dell’Unione Europea,IUS/14,b,7,c008,false;
s271,1,Decision making e processi motivazionali,M-PSI/01,b,9,c009,false;
s272,1,Psicologia forense e della testimonianza,M-PSI/01,b,9,c009,false;
s273,1,Big data e Testing psicologico per la selezione e gestione delle risorse umane,M-PSI/03,b,9,c009,false;
s274,1,Psicologia sociale di comunità,M-PSI/05,b,6,c009,false;
s275,1,Psicodiagnosi e assessment della personalità,M-PSI/08,b,9,c009,false;
s276,1,Recruitment e management delle risorse umane,M-PSI/06,b,6,c009,false;
s277,1,Psicodiagnostica forense applicata ai contesti lavorativi,MED/43,c,6,c009,false;
s278,2,Career management e sviluppo organizzativo,M-PSI/06,b,12,c009,false;
s279,2,Psicologia dell'educazione e dell'e-learning nelle organizzazioni,M-PSI/04,b,9,c009,false;
s280,2,Psicologia dei new media e della comunicazione pubblicitaria,M-PSI/05,b,9,c009,false;
s281,2,Inglese scientifico - Corso Avanzato,L-LIN/12,c,6,c009,false;
s282,1,Filosofia del diritto,IUS/20,,9,c010,false;
s283,1,Storia del diritto romano,IUS/18,,9,c010,false;
s284,1,Istituzioni di diritto romano,IUS/18,,9,c010,false;
s285,1,Storia del diritto italiano,IUS/19,,10,c010,false;
s286,1,Istituzioni di diritto privato,IUS/01,,12,c010,false;
s287,1,Diritto costituzionale,IUS/08,, 12,c010,false;
s288,2,Diritto internazionale,IUS/13,,9,c010,false;
s289,2,Diritto ecclesiastico,IUS/11,,9,c010,false;
s290,2,Diritto commerciale I,IUS/04,,6,c010,false;
s291,2,Economia politica,SECSP/01,,9,c010,false;
s292,2,Inglese giuridico,LLIN/12,,6,c010,false;
s293,2,Diritto del lavoro,IUS/07,,12,c010,false;
s294,3,Diritto dei mercati agroalimenari,IUS/03,,12,c010,true;
s295,3,Diritto dei contratti di mercato finanziario,IUS/05,,9,c010,true;
s296,3,Diritto commerciale II,IUS/04,,9,c010,false;
s297,3,Diritto tributario,IUS/12,,9,c010,false;
s298,3,Diritto penale I,IUS/17,,6,c010,false;
s299,3,Diritto dell’Unione europea,IUS/14,,9,c010,false;
s300,3,Diritto amministrativo I,IUS/10,,9,c010,false;
s301,4,Diritto penale II,IUS/17,,9,c010,false;
s302,4,Abilità informatiche per giuristi,INF/01,,3,c010,false;
s303,4,Diritto amministrativo II,IUS/10,,9,c010,false;
s304,4,Diritto costituzionale comparato,IUS/21,,9,c010,true;
s305,4,Diritto privato comparato,IUS/02,,9,c010,true;
s306,4,Diritto Pubblico Comparato,IUS/21,,9,c010,true;
s307,4,Diritto processuale penale I A-L,IUS/16,,9,c010,false;
s308,4,Diritto processuale civile I,IUS/15,,9,c010,false;
s309,4,Diritto civile I,IUS/01,,9,c010,false;
s310,5,Sociologia del diritto,IUS/20,,9,c010,false;
s311,5,Diritto processuale penale II,IUS/16,,6,c010,false;
s312,5,Diritto processuale civile II,IUS/15,,6,c010,false;
s313,5,Diritto civile II,IUS/01,,9,c010,false;
s314,2,Analisi economica del settore pubblico - Intervento pubblico spese ed imposte,SECS-P/01,d,6,c010,true;
s315,2,Contrattazione collettiva – Contrattazione e contratti collettivi nel settore privato,IUS/07,d,6,c010,true;
s316,2,Criminologia – Criminologia generale,IUS/17,d,6,c010,true;
s317,2,Didattica del diritto - Metodologie di imsegnamento delle scienze giuridiche,IUS/20,d,6,c010,true;
s318,2,Diritto agrario – Profili agroalimentari e agroambientali,IUS/03,d,6,c010,true;
s319,2,Diritto agrario dell’Unione Europea – Principi generali della politica agraria comunitaria,IUS/03,d,6,c010,true;
s320,2,Diritto bancario – I contratti,IUS/05,d,6,c010,true;
s321,2,Diritto canonico – Approfondimenti su alcuni libri del codice latino,IUS/11,d,6,c010,true;
s322,2,Diritto degli enti ecclesiastici – Enti ecclesiastici ed enti religiosi in Italia e in Europa,IUS/11,d,6,c010,true;
s323,2,Diritto dei contratti pubblici -Principi comuni procedure di affidamento dei contratti a mezzo di tutela,IUS/10,d,6,c010,true;
s324,2,Diritto dei mezzi di comunicazione – La tutela dei diritti civili sui mezzi di informazione,IUS/01,d,6,c010,true;
s325,2,Diritto del commercio internazionale - L'OMC,IUS/13,d,6,c010,true;
s326,2,Diritto del mercato finanziario e dell'innovazione digitale - I soggetti,IUS/05,d,6,c010,true;
s327,2,Diritto dell’arbitrato e delle ADR – Il procedimento arbitrale,IUS/15,d,6,c010,true;
s328,2,Diritto dell’esecuzione penale – Diritto dell’esecuzione penale e procedimento dell’esecuzione,IUS/16,d,6,c010,true;
s329,2,Diritto della navigazione – Diritto marittimo,IUS/06,d,6,c010,true;
s330,2,Diritto della previdenza sociale – Fondamenti teorici del sistema previdenziale,IUS/07,d,6,c010,true;
s331,2,Diritto di famiglia – Diritto di famiglia e matrimonio,IUS/01,d,6,c010,true;
s332,2,Diritto ecclesiastico comparato – Diritto e religione in Europa,IUS/11,d,6,c010,true;
s333,2,Diritto della crisi di impresa e dell'insolvenza - Le altre procedure concorsuali,IUS/04,d,6,c010,true;
s334,2,Diritto industriale – Diritto della Concorrenza e della Proprietà Industriale,IUS/04,d,6,c010,true;
s335,2,Diritto internazionale privato – Parte generale del diritto internazionale privato e processuale,IUS/13,d,6,c010,true;
s336,2,Diritto parlamentare e delle assemblee elettive - diritto parlamentare,IUS/08,d,6,c010,true;
s337,2,Diritto penale del lavoro – Parte generale,IUS/17,d,6,c010,true;
s338,2,Diritto processuale penale minorile,IUS/17,d,6,c010,true;
s339,2,Diritto processuale del lavoro – Il processo di primo grado e le impugnazioni,IUS/15,d,6,c010,true;
s340,2,Diritto pubblico anglo-americano – Il modello di common law; il Regno Unito,IUS/21,d,6,c010,true
s341,2,Diritto pubblico romano - L'ordinamento della Res Publica romana il Principato la repressione criminale,IUS/18,d,6,c010,true;
s342,2,Fondamenti storici del diritto europeo,IUS/18,d,6,c010,true;
s343,2,EU social law - EU social law and national labour reforms,IUS/07,d,6,c010,true;
s344,2,Diritto urbanistico – Profili generali e disciplina del settore,IUS/10,d,6,c010,true;
s345,2,Epigrafia giuridica - Documenti epigrafici e titolature. La legittimazione del potere imperiale,IUS/18,d,6,c010,true;
s346,2,Ethics and the law - Ethics and democracy,SPS/01,d,6,c010,true;
s347,2,Giustizia costituzionale comparata - La giustizia costituzionale comparata: modelli e casi giurisprudenziali a confronto,IUS/21,d,6,c010,true;
s348,2,Ordinamento giudiziario - L'ordinamento giudiziario,IUS/15,d,6,c010,true;
s349,2,Diritto internazionale penale - I crimini internazionali dell' individuo e i tribunali penali internazionali,IUS/13,d,6,c010,true;
s350,2,Diritto penale commerciale,IUS/17,d,6,c010,true;
s351,2,Analisi economica del settore pubblico,SECS/P-01,d,9,c010,true;
s352,2,Contrattazione collettiva,IUS/07,d,9,c010,true;
s353,2,Criminologia,IUS/17,d,9,c010,true;
s354,2,Didattica del Diritto,IUS/20,d,9,c010,true;
s355,2,Diritto agrario,IUS/03,d,9,c010,true;
s356,2,Diritto agrario dell’Unione Europea,IUS/03,d,9,c010,true;
s357,2,Diritto bancario,IUS/05,d,9,c010,true;
s358,2,Diritto canonico,IUS/11,d,9,c010,true;
s359,2,Diritto degli enti ecclesiastici,IUS/11,d,9,c010,true;
s360,2,Diritto dei contratti pubblici,IUS/10,d,9,c010,true;
s361,2,Diritto dei mezzi di comunicazione,IUS/01,d,9,c010,true;
s362,2,Diritto del commercio internazionale,IUS/13,d,9,c010,true;
s363,2,Diritto dei mecati finanziari e dell'innovazione digitale,IUS/05,d,9,c010,true;
s364,2,Diritto dell’esecuzione penale,IUS/16,d,9,c010,true;
s365,2,Diritto dell’arbitrato e delle ADR,IUS/15,d,9,c010,true;
s366,2,Diritto della navigazione,IUS/06,d,9,c010,true;
s367,2,Diritto della previdenza sociale,IUS/07,d,9,c010,true;
s368,2,Diritto di famiglia,IUS/01,d,9,c010,true;
s369,2,Diritto ecclesiastico comparato,IUS/11,d,9,c010,true;
s370,2,Diritto della crisi di impresa e dell'insolvenza,IUS/04,d,9,c010,true;
s371,2,Diritto industriale,IUS/04,d,9,c010,true;
s372,2,Diritto internazionale privato,IUS/13,d,9,c010,true;
s373,2,Diritto parlamentare e delle assemblee elettive,IUS/08,d,9,c010,true;
s374,2,Diritto penale del lavoro,IUS/17,d,9,c010,true;
s375,2,Diritto processuale penale minorile,IUS/17,d,9,c010,true;
s376,2,Diritto processuale del lavoro,IUS/15,d,9,c010,true;
s377,2,Diritto pubblico anglo-americano,IUS/21,d,9,c010,true;
s378,2,Diritto pubblico romano,IUS/18,d,9,c010,true;
s379,2,EU social law,IUS/07,d,9,c010,true;
s380,2,Diritto urbanistico,IUS/10,d,9,c010,true;
s381,2,Epigrafia giuridica,IUS/18,d,9,c010,true;
s382,2,Fondamenti storici del diritto europeo,IUS/18,d,9,c010,true;
s383,2,Ethics and the law,SPS/01,d,9,c010,true;
s384,2,Giustizia costituzionale comparata,IUS/21,d,9,c010,true;
s385,2,Ordinamento giudiziario,IUS/15,d,9,c010,true;
s386,2,Diritto internazionale penale,IUS/13,d,9,c010,true;
s387,2,Diritto penale commerciale,IUS/17,d,9,c010,true;
s388,1,Fisica Applicata,FIS/07,,6,c011,false;
s389,1,Informatica,INF/01,,4,c011,false;
s390,1,Biologia Generale e Cellulare,BIO/13,,5,c011,false;
s391,1,Genetica Generale,BIO/13,,4,c011,false;
s392,1,Istologia e Citologia,BIO/17,,6,c011,false;
s393,1,Embriologia  dell'apparato stomatognatico,BIO/17,,2,c011,false;
s394,1,Psicologia Generale,M-PSI/01,,2,c011,false;
s395,1,Statistica Medica,MED/01,,4,c011,false;
s396,1,Epidemiologia ed Organizzazione sanitaria,MED/42,,2,c011,false;
s397,1,Chimica,BIO/10,,6,c011,false;
s398,1,Anatomia Umana,BIO/16,,10,c011,false;
s399,1,Lingua Inglese,L-LIN/12,,7,c011,false;
s400,2,Biochimica,BIO/10,,5,c011,false;
s401,2,Biologia Molecolare,BIO/11,,3,c011,false;
s402,2,Biologia Clinica e Biologia Molecolare Clinica,BIO/12,,2,c011,false;
s403,2,Principi di Odontoiatria: Propedeutica Clinica,MED/28,,6,c011,false;
s404,2,Principi di Odontoiatria: Odontoiatria preventiva e di comunità,MED/28,,4,c011,false;
s405,2,Principi di Odontoiatria: Igiene Dentale,MED/50,,4,c011,false;
s406,2,Fisiologia Umana,BIO/09,,7,c011,false;
s407,2,Fisiologia della Nutrizione,BIO/09,,3,c011,false;
s408,2,Igiene Generale ed Applicata,MED/42,,7,c011,false;
s409,2,Microbiologia e Microbiologia Clinica,MED/07,,6,c011,false;
s410,2,Patologia Cellulare e Molecolare,MED/04,,3,c011,false;
s411,2,Immunologia Generale e del Cavo Orale,MED/04,,1,c011,false;
s412,2,Fisiopatologia Generale ed Applicata,MED/04,,2,c011,false;
s413,2,Oncologia Generale e del Cavo Orale,MED/04,,2,c011,false;
s414,3,Materiali Dentari,MED/28,,7,c011,false;
s415,3,Tecnologie Protesiche e di Laboratorio,MED/28,,7,c011,false;
s416,3,Patologia Clinica Sistemica,MED/05,,3,c011,false;
s417,3,Patologia Clinica di Interesse Odontostomatologico,MED/05,,2,c011,false;
s418,3,Genetica Medica,MED/03,,1,c011,false;
s419,3,Oncologia Medica,MED/06,,1,c011,false;
s420,3,Anatomia Patologica,MED/08,,7,c011,false;
s421,3,Medicina Interna,MED/09,,7,c011,false;
s422,3,Malattie Cardiovascolari,MED/11,,1,c011,false;
s423,3,Ematologia,MED/15,,1,c011,false;
s424,3,Malattie Infettive,MED/17,,1,c011,false;
s425,3,Farmacologia,BIO/14,,6,c011,false;
s426,3,Diagnostica per Immagini e Radioterapia,MED/36,,4,c011,false;
s427,3,Medicina Nucleare,MED/36,,2,c011,false;
s428,3,Patologia speciale Odontostomatologica,MED/28,,7,c011,false;
s429,4,Chirurgia Orale,MED/28,,6,c011,false;
s430,4,Gnatologia,MED/28,,6,c011,false;
s431,4,Anestesiologia e Trattamento dell'Emergenza,MED/41,,10,c011,false;
s432,4,Chirurgia Orale dell'Apparato Digerente,MED/18,,3,c011,false;
s433,4,Chirurgia Orale dell'Apparato Urogenitale ed Endocrino,MED/18,,1,c011,false;
s434,4,Chirurgia Orale dell'Apparato Respiratorio,MED/18,,1,c011,false;
s435,4,Chirurgia Plastica,MED/19,,1,c011,false;
s436,4,Neurologia,MED/26,,4,c011,false;
s437,4,Psichiatria,MED/25,,1,c011,false;
s438,4,Neurochirurgia,MED/27,,1,c011,false;
s439,4,Medicina Legale,MED/43,,5,c011,false;
s440,4,Medicina del Lavoro,MED/44,,1,c011,false;
s441,4,Discipline odontostomatologiche I: Odontoiatria conservativa,MED/28,,7,c011,false;
s442,4,Discipline odontostomatologiche I: Protesi,MED/28,,7,c011,false;
s443,4,Discipline odontostomatologiche I: Parodontologia,MED/28,,7,c011,false;
s444,4,Discipline odontostomatologiche I: Ortodonzia,MED/28,,6,c011,false;
s445,5,Odontoiatria Restaurativa: Endodonzia,MED/28,,8,c011,false;
s446,5,Odontoiatria Restaurativa: Odontoiatria Conservativa,MED/28,,4,c011,false;
s447,5,Parodontologia,MED/28,,6,c011,false;
s448,5,Patologia e Terapia Maxillo-Facciale: Chirurgia Orale,MED/28,,4,c011,false;
s449,5,Patologia e Terapia Maxillo-Facciale: Chirurgia Maxillo-Facciale,MED/29,,3,c011,false;
s450,5,Patologia e Terapia Maxillo-Facciale: Otorinolaringoiatria,MED/31,,1,c011,false;
s451,5,Protesi Dentaria,MED/28,,5,c011,false;
s452,5,Ortodonzia,MED/28,,9,c011,false;
s453,5,Odontoiatria Pediatrica: Pedodonzia,MED/28,,5,c011,false;
s454,5,Odontoiatria Pediatrica: Pediatria,MED/38,,1,c011,false;
s455,5,Implantologia: Protesi Dentaria,MED/28,,3,c011,false;
s456,5,Implantologia: Parodontologia,MED/28,,3,c011,false;
s457,5,Implantologia: Chirurgia Orale,MED/28,,3,c011,false;
s458,5,Implantologia: Clinica Odontostomatologica,MED/28,,3,c011,false;
s459,6,Discipline odontostomatologiche II: Protesi Dentaria,MED/28,,6,c011,false;
s460,6,Discipline odontostomatologiche II: Gnatologia,MED/28,,2,c011,false;
s461,6,Discipline odontostomatologiche II: Parodontologia,MED/28,,6,c011,false;
s462,6,Discipline odontostomatologiche II: Patologia Speciale Odontostomatologica,MED/28,,2,c011,false;
s463,6,Discipline odontostomatologiche III: Odontoiatria Conservativa/Endodonzia,MED/28,,6,c011,false;
s464,6,Discipline odontostomatologiche III: Chirurgia Orale,MED/28,,2,c011,false;
s465,6,Discipline odontostomatologiche III: Pedodonzia,MED/28,,3,c011,false;
s466,6,Discipline odontostomatologiche III: Ortodonzia,MED/28,,7,c011,false;
s467,6,Terapia Odontostomatologica Integrata: Clinica Odontostomatologica,MED/28,,12,c011,false;
s468,6,Terapia Odontostomatologica Integrata: Odontoiatria preventiva e di comunità,MED/28,,2,c011,false;
s469,1,Fisica Applicata,FIS/07,a,6,c012,false;
s470,1,Informatica,INF/01,b,6,c012,false;
s471,1,Statistica Medica,MED/02,a,6,c012,false;
s472,1,Biochimica,BIO/10,a,5,c012,false;
s473,1,Biologia Applicata,BIO/13,c,5,c012,false;
s474,1,Istologia,BIO/17,c,5,c012,false;
s475,1,Genetica Medica,MED/03,c,5,c012,false;
s476,1,Fisiologia Applicata,BIO/09,a,5,c012,false;
s477,1,Anatomia Umana,BIO/16,a,5,c012,false;
s478,1,Infermieristica Generale e Clinica,MED/45,b,5,c012,false;
s479,1,Principi di assistenza Infermieristica,MED/45,b,5,c012,false;
s480,1,Patologia Generale,MED/04,a,7,c012,false;
s481,1,Microbiologia e Microbiologia Clinica,MED/07,a,7,c012,false;
s482,1,Igiene Generale ed Applicata,MED/42,a,7,c012,false;
s483,1,Infermieristica in Sanità Pubblica e Preventiva,MED/45,b,7,c012,false;
s484,1,Scienze Infermieristiche Generali e Cliniche,MED/45,b,6,c012,false;
s485,1,Psicologia Generale,M-PSI/01,a,6,c012,false;
s486,1,Psicologia Clinica,M-PSI/08,b,6,c012,false;
s487,2,Biochimica Clinica,BIO/12,b,5,c012,false;
s488,2,Immunologia,MED/04,c,5,c012,false;
s489,2,Patologia Clinica,MED/05,c,5,c012,false;
s490,2,Anatomia Patologica,MED/08,b,5,c012,false;
s491,2,Farmacologia,BIO/14,a,7,c012,false;
s492,2,Allergologia e Immunologia Clinica,MED/09,b,7,c012,false;
s493,2,Medicina Interna,MED/09,c,7,c012,false;
s494,2,Infermieristica Clinica in Medicina,MED/45,b,7,c012,false;
s495,2,Malattie Infettive,MED/17,c,7,c012,false;
s496,2,Oncologia Medica,MED/06,b,7,c012,false;
s497,2,Medicina del Lavoro,MED/44,c,7,c012,false;
s498,2,Geriatria,MED/09,b,7,c012,false;
s499,2,E. B. N.,MED/45,b,7,c012,false;
s500,2,Infermieristica Comunitaria e di Famiglia,MED/45,b,7,c012,false;
s501,2,Chirurgia Generale,MED/18,c,6,c012,false;
s502,2,Infermieristica Clinica in Chirurgia,MED/45,b,6,c012,false;
s503,2,Gastroenterologia,MED/12,b,7,c012,false;
s504,2,Endocrinologia,MED/13,c,7,c012,false;
s505,2,Nefrologia,MED/14,b,7,c012,false;
s506,2,Malattie del Sangue,MED/15,c,7,c012,false;
s507,2,Reumatologia,MED/16,c,7,c012,false;
s508,2,Scienze Infermieristiche Specialistiche in Medicina,MED/45,b,7,c012,false;
s509,2,Cardiochirurgia,MED/23,c,7,c012,false;
s510,2,Urologia,MED/24,c,7,c012,false;
s511,2,Neurochirurgia,MED/27,c,7,c012,false;
s512,2,Malattie Apparato Visivo,MED/30,c,7,c012,false;
s513,2,Otorinolaringoiatria,MED/31,c,7,c012,false;
s514,2,Scienze Infermieristiche Specialistiche in Chirurgia,MED/45,b,7,c012,false;
s515,2,Pediatria,MED/38,c,5,c012,false;
s516,2,Ginecologia e Ostetricia,MED/40,b,5,c012,false;
s517,2,Scienze Infermieristiche Ostetrico-Ginecologiche e Pediatriche,MED/47,b,5,c012,false;
s518,3,Psichiatria,MED/25,c,5,c012,false;
s519,3,Neurologia,MED/26,c,5,c012,false;
s520,3,Malattie Apparato Locomotore,MED/33,c,5,c012,false;
s521,3,Infermieristica della disabilità,MED/45,b,5,c012,false;
s522,3,Diritto del lavoro,IUS/07,b,5,c012,false;
s523,3,Radioprotezione,MED/36,b,5,c012,false;
s524,3,Medicina Legale,MED/43,c,5,c012,false;
s525,3,Etica e Deontologia Applicata alla Professione Infermieristica,MED/45,b,5,c012,false;
s526,3,Malattie dell'Apparato Respiratorio,MED/10,c,7,c012,false;
s527,3,Malattie dell'Apparato Cardiovascolare,MED/11,c,7,c012,false;
s528,3,Anestesiologia,MED/41,a,7,c012,false;
s529,3,Infermieristica  in Area Critica ed Emergenza,MED/45,b,7,c012,false;
s530,1,Chimica e Propedeutica Biochimica,BIO/10,a,6,c013,false;
s531,1,Fisica,FIS/07,a,6,c013,false;
s532,1,Informatica,INF/01,b,1,c013,false;
s533,1,Biologia Applicata,BIO/13,a,7,c013,false;
s534,1,Psicologia Generale,M-PSI/01,a,1,c013,false;
s535,1,Relazione Medico-Paziente,MED/25,b,1,c013,false;
s536,1,Bioetica e Filosofia Morale,M-FIL/03,c,1,c013,false;
s537,1,Storia della Medicina,MED/02,b,1,c013,false;
s538,1,Citologia,BIO/17,a,1,c013,false;
s539,1,Istologia Istochimica Embriologia,BIO/17,a,8,c013,false;
s540,1,Elementi di Ecografia dello Sviluppo,MED/40,b,1,c013,false;
s541,1,Biochimica parte 1,BIO/10,a,6,c013,false;
s542,1,Elementi di Semeiotica Medica Normale,MED/09,b,1,c013,false;
s543,1,Elementi di Semeiotica Chirurgica Normale,MED/18,b,2,c013,false;
s544,1,Elementi di Emergenza e Pronto Soccorso,MED/41,b,1,c013,false;
s545,1,Piccola Chirurgia,MED/18,b,1,c013,false;
s546,1,Anatomia Umana 1 parte 1,BIO/16,a,4,c013,false;
s547,1,Semeiotica Articolare Soggetto Normale parte 1,MED/33,b,1,c013,false;
s548,2,Biochimica parte 2,BIO/10,a,5,c013,false;
s549,2,Biologia Molecolare,BIO/11,a,3,c013,false;
s550,2,Anatomia Umana 1 parte 2,BIO/16,a,7,c013,false;
s551,2,Elementi di Semeiotica Medica Normale,MED/09,b,1,c013,false;
s552,2,Semeiotica Articolare Soggetto Normale parte 2,MED/33,b,1,c013,false;
s553,2,Esame Macroscopico Organi Normali,MED/08,b,1,c013,false;
s554,2,Bioimmagini Organi Normali,MED/36,b,1,c013,false;
s555,2,Microbiologia,MED/07,b,5,c013,false;
s556,2,Parassitologia,VET/06,c,2,c013,false;
s557,2,Anatomia Umana 2,BIO/16,a+b,6+1,c013,false;
s558,3,Fisiologia parte 1,BIO/09,a+b,6+1,c013,false;
s559,3,Patologia parte 1,MED/04,b,5,c013,false;
s560,3,Immunologia parte 1,MED/04,b,1,c013,false;
s561,3,Fisiologia parte 2,BIO/09,a+b,7+3,c013,false;
s562,3,Patologia parte 2,MED/04,b,1,c013,false;
s563,3,Immunologia parte 2,MED/04,b,3,c013,false;
s564,3,Patologia Clinica,MED/05,b,3,c013,false;
s565,3,Biochimica Clinica,BIO/12,b,3,c013,false;
s566,3,Genetica Umana,MED/03,a,3,c013,false;
s567,3,Principi di Medicina Interna,MED/09,b,2,c013,false;
s568,3,La Medicina basata sulle evidenze in Medicina,MED/09,b,1,c013,false;
s569,3,Principi di Chirurgia Generale,MED/18,b,2,c013,false;
s570,3,La Medicina basata sulle evidenze in Chirurgia,MED/18,b,1,c013,false;
s571,3,Statistica Medica,MED/01,a+b,2+4,c013,false;
s572,3,Anatomia Patologica parte 1,MED/01,b+g,3+1,c013,false;
s573,3,Fisiopatologia e Semeiotica medica e strumentale,MED/09,b+g,2+1,c013,false;
s574,3,Fisiopatologia e Semeiotica medica e strumentale,MED/18,b+g,2+1,c013,false;
s575,3,Malattie Apparato Cardiocircolatorio,MED/11,b+g,4+1,c013,false;
s576,3,Malattie Apparato Respiratorio,MED/10,b+g,3+1,c013,false;
s577,3,Chirurgia Toracica,MED/21,c+g,1+1,c013,false;
s578,3,Chirurgia Cardiaca,MED/23,c,1,c013,false;
s579,3,Chirurgia Vascolare,MED/22,c,1,c013,false;
s580,4,Anatomia Patologica,MED/08,b+g,7+1,c013,false;
s581,4,Nefrologia,MED/14,b+g,2+1,c013,false;
s582,4,Urologia,MED/24,b+c+g,1+1+1,c013,false;
s583,4,Endocrinologia,MED/13,b+g,3+1,c013,false;
s584,4,Malattie Infettive,MED/17,b+g,3+1,c013,false;
s585,4,Gastroenterologia,MED/12,b+g,2+1,c013,false;
s586,4,Chirurgia Apparato Digerente,MED/18,b,1,c013,false;
s587,4,Malattie del Sangue,MED/15,b+g,2+1,c013,false;
s588,4,Oncologia Medica,MED/15,b+g,2+1,c013,false;
s589,4,Chirurgia Oncologica,MED/06,b,1,c013,false;
s590,4,Allergologia e Immunologia Clinica,MED/06,b+g,1+1,c013,false;
s591,4,Malattie Cutanee e Veneree,MED/18,b+g,2+1,c013,false;
s592,4,Chirurgia Plastica,MED/09,b+c,1+1+,c013,false;
s593,4,Reumatologia,MED/16,b+g,2+1,c013,false;
s594,4,Chirurgia Maxillo-Facciale,MED/29,c,1,c013,false;
s595,4,Otorino,MED/31,b,1,c013,false;
s596,4,Audiologia e Foniatria,MED/32,b,1,c013,false;
s597,4,Malattie Apparato Visivo,MED/30,b+g,2+1,c013,false;
s598,4,Malattie Odontoiatriche,MED/28,b,1,c013,false;
s599,4,Malattie Apparato  Locomotore,MED/33,b+g,2+1,c013,false;
s600,4,Medicina Fisica e Riabilitativa,MED/34,b,1,c013,false;
s601,4,Bioingegneria: Analisi del movimento,ING-IND/34,a,2,c013,false;
s602,5,Farmacologia,BIO/14,b,4,c013,false;
s603,5,Diagnostica per Immagini e Radioterapia,MED/36,b+g,2+2,c013,false;
s604,5,Neurologia,MED/26,b+g,4+1,c013,false;
s605,5,Medicina Fisica e Riabilitativa,MED/34,b,1,c013,false;
s606,5,Neuroradiologia,MED/37,b,1,c013,false;
s607,5,Neurochirurgia,MED/27,c,1,c013,false;
s608,5,Psichiatria,MED/25,b+g,3+1,c013,false;
s609,5,Psicologia Clinica,M-PSI/08,b,2,c013,false;
s610,5,Neuropsichiatria Infantile,MED/39,b,1,c013,false;
s611,5,Igiene Generale ed Applicata,MED/42,b,6,c013,false;
s612,5,Farmacologia,BIO/14,b,6,c013,false;
s613,5,Ginecologia e Ostetricia,MED/40,b+g,5+1,c013,false;
s614,5,Pediatria,MED/38,b+g,4+1,c013,false;
s615,5,Chirurgia Pediatrica,MED/20,c,1,c013,false;
s616,5,Neuropsichiatria Infantile,MED/39,b,1,c013,false;
s617,5,Medicina del Lavoro,MED/44,b+g,5+1,c013,false;
s618,5,Medicina Legale,MED/43,b+g,5+1,c013,false;
s619,6,Medicina Interna,MED/09,b+g,3+1,c013,false;
s620,6,Genetica Medica,MED/03,a+b,1+2,c013,false;
s621,6,Geriatria e Gerontologia,MED/09,b+g,2+1,c013,false;
s622,6,Medicina di Famiglia-Medicina di Comunità,MED/45,b,1,c013,false;
s623,6,Chirurgia Generale,MED/18,b+g,3+1,c013,false;
s624,6,Anestesia,MED/41,b+g,1+1,c013,false;
s625,6,Terapia Intensiva,MED/41,b,1,c013,false;
s626,6,Terapia del dolore,MED/41,b,1,c013,false;
s627,6,Cure Palliative,MED/41,b,1,c013,false;
s628,6,Chirurgia d’Urgenza e Pronto Soccorso,MED/18,b+g,2+1,c013,false;
s629,6,Medicina d’Urgenza e Pronto Soccorso,MED/09,b+g,2+1,c013,false;
s630,6,Inglese Scientifico,L-LIN/12,b,5,c013,false;
s631,1,Diritto Privato,IUS/01,,10,c014,false;
s632,1,Istituzioni di economia politica,SECS-P/01,,10,c014,false;
s633,1,Economia aziendale,SECS-P/07,,10,c014,false;
s634,1,Management d’impresa,SECS-P/08,,8,c014,false;
s635,1,Statistica I,SECS-S/01,,10,c014,false;
s636,1,Matematica per l’economia,SECS-S/06,,10,c014,false;
s637,2,Economia industriale,SECS-P/06,,8,c014,false;
s638,2,Bilancio d’esercizio e consolidato,SECS-P/07,,8,c014,false;
s639,2,Marketing,SECS-P/08,,8,c014,false;
s640,2,Diritto commerciale,IUS/04,,8,c014,false;
s641,2,Economia degli intermediari finanziari,SECS-P/11,,8,c014,false;
s642,2,Inferenza e tecniche di campionamento,SECS-S/01,,8,c014,false;
s643,2,Matematica finanziaria,SECS-S/06,,6,c014,false;
s644,3,Diritto della concorrenza,IUS/04,,6,c014,false;
s645,3,Marketing digitale,SECS-P/08,,8,c014,false;
s646,3,Marketing esperienziale,SECS-P/08,,8,c014,false;
s647,3,Comunicazione integrata di marketing,SECS-P/08,,8,c014,false;
s648,3,Scienza delle finanze,SECS-P/03,,8,c014,false;
s649,3,Diritto privato dei consumi,IUS/01,d,6,c014,true;
s650,3,Diritto pubblico della comunicazione,IUS/09,d,6,c014,true;
s651,3,Merci e consumi sostenibili,SECS-P/13,d,6,c014,true;
s652,3,Diritto della contrattazione a distanza,IUS/01,d,6,c014,true;
s653,3,English for business,L-LIN/12,d,6,c014,true;
s654,1,Econometria,SECS-P/05,,8,c015,false;
s655,1,Economia aziendale e organizzazione,SECS-P/07,,8,c015,false;
s656,1,Programmazione pianificazione e controllo,SECS-P/07,,8,c015,false;
s657,1,Gestione della produzione,SECS-P/08,,8,c015,false;
s658,1,Finanza aziendale,SECS-P/09,,8,c015,false;
s659,1,Metodi statistici per l’analisi economica,SECS-S/01,,8,c015,false;
s660,2,Diritto dei mercati internazionali,IUS/04,,8,c015,false;
s661,2,Convergenza internazionale e crescita economica,SECS-P/01,,8,c015,false;
s662,2,Economia dei mercati e della regolamentazione,SECS-P/06,,8,c015,false;
s663,2,Management internazionale,SECS-P/07,,8,c015,false;
s664,2,Diritto e tecnica della contrattazione,IUS/01,d,6,c015,true;
s665,2,Diritto dei mercati finanziari,IUS/05,d,6,c015,true;
s666,2,Public procurement,IUS/10,d,6,c015,true;
s667,2,Economia pubblica,SECS-P/03,d,6,c015,true;
s668,2,Economia aziendale dell’innovazione,SECS-P/07,d,6,c015,true;
s669,2,Etica e rendicontazione sociale delle aziende,SECS-P/07,d,6,c015,true;
s670,2,Comunicazione non finanziaria d’impresa,SECS-P/07,d,6,c015,true;
s671,2,Economia delle aziende sanitarie,SECS-P/07,d,6,c015,true;
s672,2,Organizzazione e gestione delle risorse umane,SECS-P/10,d,6,c015,true;
s673,2,Finanza matematica,SECS-S/06,d,6,c015,true;
s674,2,Innovazione tecnologica per l’economia circolare,SECS-P/13,d,6,c015,true;
s675,2,Diritto internazionale ed europeo degli investimenti,IUS/13,d,6,c015,true;
